연번,연도,작전명,횟수,죄명(한글),"참여기관(기본 한글, 저명한 기관만 영문)",참여국가(한글),내용,출처,,,,,
15,2015,crackdown operation,1,"트로이목마유포, 개인정보탈취, 웹캠해킹","Europol, 프랑스 경찰, 노르웨이 경찰, 루마니아 경찰, Europol 유럽사이버범죄센터(EC3)","프랑스, 노르웨이, 루마니아","2015년 12월 초부터 약 2주간 Europol과 프랑스, 노르웨이, 루마니아 등 유럽 각국 경찰이 공조하여 원격 접근 트로이목마를 이용해 개인정보를 절도하고 웹캠을 해킹하는 등 사이버 범죄를 저지른 12명의 젊은 용의자를 체포하고, 다수의 가정을 수색해 컴퓨터와 인터넷 계정을 압수했다",https://phys.org/news/2015-12-europe-trojan-horse-cybercrime.html,,,,,
129,2015,FIN7,1,"해킹, 신용카드도용, 컴퓨터사기, 조직범죄","미국 FBI, 미국 법무부, 시애틀 연방지방법원, 우크라이나","미국, 우크라이나, 러시아, 영국, 프랑스, 호주","FIN7은 2015년부터 미국을 비롯한 여러 국가의 레스토랑, 게임, 호텔 등 100개 이상의 기업을 대상으로 악성코드와 피싱을 활용해 1,500만 개 이상의 신용카드 정보를 도용하고, 이를 다크웹에서 판매하는 등 대규모 사이버범죄를 저질렀으며, 2018년 주요 인물이 체포되었다.",https://www.fbi.gov/contact-us/field-offices/seattle/news/stories/how-cyber-crime-group-fin7-attacked-and-stole-data-from-hundreds-of-us-companies,,,,,
22,2015,international operation,1,"봇넷운영, 악성코드유포, 개인정보탈취, DDoS공격","Europol, FBI, 미국 법무부, 독일 연방범죄수사청(BKA), 네덜란드, 영국, 프랑스, 루마니아, 리투아니아, 이탈리아, 스페인, 오스트리아, 벨기에, 세르비아, 크로아티아, 핀란드, 아일랜드 등 각국 경찰 및 수사기관","미국, 독일, 네덜란드, 영국, 프랑스, 루마니아, 리투아니아, 이탈리아, 스페인, 오스트리아, 벨기에, 세르비아, 크로아티아, 핀란드, 아일랜드","Europol과 FBI를 비롯한 15개국 이상 수사기관이 공조하여 악성코드 및 봇넷을 이용한 사이버 범죄를 저지른 49명을 체포하고, 봇넷 인프라를 무력화하는 등 대규모 국제 사이버 범죄 단속에 성공했다.",https://www.bbc.com/news/technology-35028690,,,,,
9,2015,JPMorgan,1,"해킹, 금융사기, 증권사기, 자금세탁, 불법비트코인거래, 불법온라인카지노운영","미국 법무부, FBI, 뉴욕 남부지검, 이스라엘 경찰, 기타 국제 수사기관","미국, 이스라엘, 러시아, 조지아","FBI와 이스라엘 경찰이 협력해 Gery Shalon 등이 주도한 범죄조직을 적발, JP모건 등 12개 기업의 고객 데이터 8,300만 건을 해킹하여 주식 조작 및 불법 온라인 도박, 자금 세탁 등 수백만 달러 규모의 범죄를 저지른 혐의로 주요 용의자를 체포했다",https://www.wsj.com/articles/accused-mastermind-of-j-p-morgan-hack-a-product-of-israels-internet-underbelly-1448101982,,,,,
41,2015,Operation Pleiades,1,"DDoS공격, 비트코인갈취, 사이버협박, 컴퓨터사기","Europol, Europol 유럽사이버범죄센터(EC3), Joint Cybercrime Action Taskforce (J-CAT), 영국 런던경찰청 사이버범죄수사대(MPCCU), 오스트리아, 독일, 보스니아 헤르체고비나, FBI, 미국 비밀경찰(US Secret Service), 오스트레일리아, 프랑스, 일본, 루마니아, 스위스, INTERPOL","영국, 오스트리아, 독일, 보스니아 헤르체고비나, 미국, 오스트레일리아, 프랑스, 일본, 루마니아, 스위스","2015년 12월 Europol, FBI 등 10개국 이상의 수사기관이 Operation Pleiades를 통해 DD4BC(DDoS for Bitcoin) 사이버 범죄 조직을 적발하고, DDoS 공격과 비트코인 갈취 혐의로 주요 인물을 체포하며, 온라인 갬블링·금융·엔터테인먼트 등 다양한 산업의 기업을 공격한 대규모 사이버 협박 네트워크에 큰 타격을 입혔다",https://www.europol.europa.eu/media-press/newsroom/news/international-action-against-dd4bc-cybercriminal-group,,,,,
31,2015,Operation Shrouded Horizon,1,"악성코드유포, 봇넷운영, 개인정보탈취, 신용카드도용, 해킹","FBI, 미국 법무부, Europol, 각국 경찰 및 수사기관(예: 영국, 스웨덴, 보스니아/헤르체고비나, 루마니아, 세르비아, 라트비아, 키프로스, 오스트레일리아, 나이지리아, 덴마크, 캐나다, 콜롬비아, 코스타리카, 크로아티아, 핀란드, 독일, 이스라엘, 마케도니아, 브라질)","미국, 영국, 스웨덴, 보스니아 헤르체고비나, 루마니아, 세르비아, 라트비아, 키프로스, 오스트레일리아, 나이지리아, 덴마크, 캐나다, 콜롬비아, 코스타리카, 크로아티아, 핀란드, 독일, 이스라엘, 마케도니아, 브라질","FBI와 미국 법무부가 Europol 및 20개국 수사기관과 공조하여 18개월간 진행된 Operation Shrouded Horizon 작전을 통해 영어권 최대 사이버 범죄 포럼인 Darkode를 무력화하고, 악성코드·봇넷·개인정보 절도 등 혐의로 70명 이상을 체포하며, 포럼 사이트와 서버를 압수해 국제 사이버 범죄 네트워크에 큰 타격을 입혔다",https://www.fbi.gov/news/stories/cyber-criminal-forum-taken-down,,,,,
30,2015,Operation Source,1,"봇넷운영, 악성코드유포, 금융정보탈취, 랜섬웨어, 루트킷, 가짜백신","Europol, Europol 유럽사이버범죄센터(EC3), Joint Cybercrime Action Taskforce(J-CAT), 네덜란드 High Tech Crime Unit, FBI, Intel Security, Kaspersky Lab, Shadowserver","네덜란드, 미국, 유럽연합 회원국(독일, 프랑스, 이탈리아 등 대부분), 기타 지원국(보안기업 및 국제기관 협력 포함)","2015년 4월 Europol과 네덜란드 High Tech Crime Unit을 주축으로 FBI, 유럽연합 회원국 및 주요 보안기업이 공조하여 Operation Source 작전을 통해 폴리몰픽 Beebone 봇넷을 무력화하고, 100여 개의 명령·제어 서버 도메인을 차단해 금융 정보 절도, 랜섬웨어, 루트킷 등 다양한 악성코드 유포를 차단했다",https://www.europol.europa.eu/media-press/newsroom/news/international-police-operation-targets-polymorphic-beebone-botnet,,,,,
33,2015,Simda 봇넷,1,"봇넷운영, 악성코드유포, 개인정보탈취, 금융정보탈취","INTERPOL, 네덜란드 국가하이테크범죄수사대(Dutch National High Tech Crime Unit), FBI, 룩셈부르크 경찰, 러시아 내무부 사이버범죄국, 마이크로소프트 디지털범죄팀, Kaspersky Lab, Trend Micro, 일본 사이버방위연구소(Japan Cyber Defense Institute)","네덜란드, 미국, 러시아, 룩셈부르크, 일본, 폴란드, 싱가포르(작전 본부), 기타 190여 개국 감염 피해 발생","2015년 4월 INTERPOL이 주도하여 네덜란드, 미국, 러시아, 룩셈부르크 등 각국 수사기관과 민간 보안기업이 협력해 Simda 봇넷의 명령·제어 서버를 동시 압수하고, 77만 대 이상 감염된 글로벌 악성코드 유포 및 개인정보 탈취 범죄에 큰 타격을 입혔다.",https://www.bbc.com/news/technology-32218381,,,,,
25,2015,Strike Week,1,"데이터탈취, 컴퓨터사기, 악성코드제작, DDoS공격, 피싱, 지적재산도용, 악성코드유포","National Crime Agency(NCA, 영국 국가범죄수사청), National Cyber Crime Unit(NCCU), 지역 조직범죄수사대, Metropolitan Police, West Midlands Police, FBI","영국, 미국(정보 지원 및 일부 수사 협력)","2015년 3월 영국 국가범죄수사청(NCA)을 중심으로 한 25개 작전이 전국적으로 펼쳐지며, 데이터 절도, 사기, 바이러스 제작, DDoS 공격 등 다양한 사이버 범죄 혐의로 56명의 해커가 체포되고, 주요 해킹 집단(Lizard Squad, D33Ds Company 등) 소속 인물도 포함되었으며, FBI 등 국제 파트너의 정보 지원도 이루어졌다",https://www.bbc.com/news/technology-31753934,,,,,
23,2015,(가칭)Operation Phishing Syndicate,1,"금융사기, 이메일계정해킹, 악성코드유포, 자금세탁","Europol, Eurojust, 이탈리아 경찰(Polizia di Stato), 스페인 국가경찰, 폴란드 경찰, 영국 법집행기관","이탈리아, 스페인, 폴란드, 영국, 벨기에, 조지아","2015년 6월 국제 공조 수사로 이탈리아, 스페인, 폴란드, 영국, 벨기에, 조지아 등에서 이메일 계정 침입을 통한 금융 사기 조직 49명을 체포하고, 58곳을 압수수색하여 현금, 신용카드, 위조문서 등 범죄 수익을 압수했다.",https://www.europol.europa.eu/media-press/newsroom/news/international-operation-dismantles-criminal-group-of-cyber-fraudsters,,,,,
46,2015,(가칭)Operation Russian Ransom,1,"랜섬웨어, 컴퓨터사기, 자금세탁","Flashpoint(사이버 위협 인텔리전스 분석), FBI(피해 통계 및 대응)","러시아, 미국","러시아를 기반으로 한 랜섬웨어 범죄 네트워크가 조직적으로 운영되어 월 최대 7,500달러를 벌어들이고 있으며, 피해자들은 데이터 복구를 위해 몸값을 지불하지만 항상 복구가 보장되는 것은 아니다",https://www.businessinsider.com/flashpoint-report-ransomware-2016-6,,,,,
42,2016,DDoS-for-hire,1,DDoS공격,"Europol, Europol 유럽사이버범죄센터(EC3), FBI, International Cyber Crime Coordination Cell(IC4), 각국 법집행기관(영국, 프랑스, 벨기에, 헝가리, 리투아니아, 네덜란드, 노르웨이, 포르투갈, 루마니아, 스페인, 스웨덴, 오스트레일리아 등)","미국, 영국, 프랑스, 벨기에, 헝가리, 리투아니아, 네덜란드, 노르웨이, 포르투갈, 루마니아, 스페인, 스웨덴, 오스트레일리아","2016년 12월 5일부터 9일까지 Europol, FBI 등 13개국 법집행기관이 공조하여 DDoS-for-hire 서비스 이용자를 중심으로 101명을 조사하고 34명을 체포하며, 대부분이 20세 미만 청소년임을 확인하고, 글로벌 DDoS 공격 네트워크에 큰 타격을 입혔다",https://www.fbi.gov/news/stories/international-cyber-sweep-nets-ddos-attackers,,,,,
49,2016,Global Airport Action Day,1,"항공권사기, 불법이민, 인신매매, 마약밀매, 사이버조직범죄","INTERPOL, Europol, Ameripol, Frontex, Canadian 및 US law enforcement agencies, IATA, Perseuss, 항공사, 온라인 여행사, 결제카드 발급사","43개국, 국명은 기사에 명시되어 있지 않으나 주요 참여국으로는 미국, 캐나다, 유럽연합 회원국, 라틴아메리카, 아시아, 중동 국가 등이 포함","Global Airport Action Day는 43개국 189개 공항에서 도난 또는 해킹된 결제카드 정보로 구매한 항공권을 소지한 193명을 검거하고, 불법 이민, 인신매매, 마약 밀매, 사이버 범죄, 테러 등과 연계된 항공권 사기 범죄 네트워크를 무력화한 국제 공조 작전이다",https://www.interpol.int/News-and-Events/News/2016/Global-Airport-Action-Day-targets-airline-ticket-fraudsters,,,,,
43,2016,Operation Avalanche,1,"스팸, 피싱, 악성코드유포, 랜섬웨어, 자금세탁, 금융기관해킹","Europol, 미국 법무부(DOJ), 독일 법집행기관, 각국 경찰 및 수사기관, 보안기업(시만텍, 노턴 등), 학계","독일, 미국, 영국, 프랑스, 네덜란드, 이탈리아, 스페인, 폴란드, 오스트리아, 벨기에, 루마니아, 스위스, 일본 등 약 40개국(피해자 180개국 이상)","2016년 11월 30일 Europol, 미국 법무부, 독일 등 약 40개국 수사기관과 민간 보안기업이 공조해 Operation Avalanche를 통해 세계 최대 규모의 스팸·피싱·악성코드 유포 네트워크를 무력화하고, 800,000개 이상 도메인과 221개 서버를 차단하며, 5명을 체포해 글로벌 사이버 범죄에 큰 타격을 입혔다.",https://www.ibtimes.co.uk/cybercrime-network-avalanche-brought-down-by-global-operation-1594519,,,,,
48,2016,Operation Ciconia Alba,1,"인신매매, 노동착취, 마약밀매, 사이버조직범죄","Europol, INTERPOL, Frontex, EU 회원국 경찰 및 관련 기관","유럽연합(EU) 회원국 및 파트너 국가(미국, 캐나다 등)","Operation Ciconia Alba는 공항, 국경 등 주요 범죄 핫스팟을 중심으로 인신매매, 노동 착취, 마약 밀매, 사이버 범죄, 테러 등 다양한 조직범죄를 근절하기 위한 국제 공조 작전이다",https://www.europol.europa.eu/media-press/newsroom/news/international-operation-ciconia-alba-kicks-to-crack-down-organised-crime,,,,2018.01.01.,2018.12.31.
47,2016,Operation Hyperion,1,"다크웹불법물품거래, 자금세탁, 마약유통","FBI, Five Eyes Law Enforcement Group (FELEG) 소속 기관(미국, 캐나다, 영국, 오스트레일리아, 뉴질랜드 경찰), 네덜란드 경찰, 스웨덴 경찰","미국, 캐나다, 영국, 오스트레일리아, 뉴질랜드, 네덜란드, 스웨덴","Operation Hyperion은 전 세계 다크웹 시장 사용자 수천 명을 식별하고, 미국·뉴질랜드·스웨덴 등에서 다크웹을 통한 불법 물품 거래 및 자금 세탁 혐의로 수사 및 체포가 이루어진 국제 공조 작전이다.",https://cyberscoop.com/dark-web-fbi-sting-zcash-operation-hyperion/,,,,,
61,2016,(가칭)Operation Mike,1,"이메일계정해킹, 컴퓨터사기, 자금세탁, 비즈니스이메일사기(BEC), CEO사기","INTERPOL, Nigerian Economic and Financial Crime Commission (EFCC)","나이지리아, 말레이시아, 남아프리카공화국, 미국, 중국, 유럽(자금 세탁 관련)","INTERPOL과 나이지리아 EFCC가 전 세계 중소기업 이메일 계정을 해킹해 6,000만 달러 이상을 탈취한 나이지리아인 마이크를 중심으로 한 국제 범죄 네트워크를 국제 공조 수사로 체포했다.",https://news.sophos.com/en-us/2016/08/02/nigerian-scammer-arrested-for-60-million-email-fraud/,,,,,
99,2017,Andromeda Botnet Dismantling,1,"악성코드유포, 봇넷운영, 범죄적인프라활용","FBI, 뤼네부르크 중앙형사수사국(독일), 유로폴 유럽사이버범죄센터(EC3), Joint Cybercrime Action Task Force(J-CAT), 유로저스트(Eurojust), 마이크로소프트 등 민간기업","미국, 독일, 오스트리아, 벨기에, 핀란드, 프랑스, 이탈리아, 네덜란드, 폴란드, 스페인, 영국, 호주, 벨라루스, 캐나다, 몬테네그로, 싱가포르, 대만","국제 공조 작전을 통해 Andromeda 봇넷의 인프라를 무력화하고, 악성코드 유포 및 봇넷 운영에 사용된 서버와 도메인을 차단하며, 벨라루스에서 용의자 1명을 체포하였다.",https://www.europol.europa.eu/media-press/newsroom/news/andromeda-botnet-dismantled-in-international-cyber-operation,,,,,
103,2017,Bakovia,1,"해킹, 컴퓨터시스템방해, 사이버협박","루마니아 경찰(서비스 포 컴뱃팅 사이버크라임), 네덜란드 하이테크 범죄 수사대(HTCC), 영국 국가범죄청(NCA), 미국 연방수사국(FBI), 미국 비밀경호국(US Secret Service), 유로폴(EC3, J-CAT), 맥아피(McAfee)","루마니아, 네덜란드, 영국, 미국","CTB-Locker와 Cerber 랜섬웨어를 유포한 범죄조직을 다국적 합동 수사로 적발하여 5명의 용의자를 체포하고, 수많은 하드웨어와 증거를 압수하였다.",https://cyberscoop.com/ctb-locker-cerber-ransomware-arrests-europol-mcafee/,,,,,
35,2017,Joint Investigation Team operation,1,"악성코드유포, 금융기관해킹, 자금세탁, 범죄수익은닉","Europol, Eurojust, 오스트리아 법집행기관, 벨기에 법집행기관, 우크라이나 법집행기관","오스트리아, 벨기에, 우크라이나, 유럽연합","2015년 6월 Europol과 Eurojust가 주도하고 오스트리아, 벨기에, 우크라이나 등 6개국 수사기관이 협력한 합동수사팀이 Zeus와 SpyEye 등 악성코드를 이용해 유럽 전역의 온라인 뱅킹 시스템을 해킹하고 자금세탁에 가담한 대형 사이버 범죄 조직을 적발, 5명을 체포하고 컴퓨터 장비를 압수했다.",https://www.europol.europa.eu/media-press/newsroom/news/major-cybercrime-ring-dismantled-joint-investigation-team,,,,,
85,2017,Operation Bayonet,1,"마약거래, 다크웹불법물품거래, 악성코드유포, 해킹도구판매, 불법데이터유출","미국 연방수사국(FBI), 미국 마약단속국(DEA), 네덜란드 경찰, Europol, 독일 경찰, 리투아니아 경찰, 캐나다 경찰, 태국 경찰, 영국 경찰, 프랑스 경찰","미국, 네덜란드, 독일, 리투아니아, 캐나다, 태국, 영국, 프랑스","국제 공조로 AlphaBay와 Hansa Market이라는 세계 최대 다크웹 마켓플레이스를 폐쇄하고, 불법 마약·무기·악성코드 등 거래자 정보를 수집하며, 사이버범죄 네트워크에 큰 타격을 입혔다.",https://www.theguardian.com/technology/2017/jul/20/dark-web-marketplaces-alphabay-hansa-shut-down,,,,,
73,2017,(가칭)Operation Teenage Breach,1,"컴퓨터오용, 해킹, 불법컴퓨터접근, 불법데이터유출","웨일스 경찰, 국제 사이버범죄수사기관, National Crime Agency, Europol(기사 내 구체적 명시는 없으나, 국제 공조 언급)","영국(웨일스), 국제(미국 등 기타 국가 언급, 구체적 명시 없음)","웨일스의 10대가 국제 사이버범죄 네트워크와 연관되어 해킹 및 불법 컴퓨터 접근 혐의로 체포되어 기소되었으며, 이는 국제 공조 조사의 일부로 이루어졌다.",https://www.walesonline.co.uk/news/wales-news/teenager-wales-charged-international-computer-11737455,,,,,
87,2017,(가칭)Operation CardHack London,1,"해킹, 불법데이터유출, 신용카드사기, 불법금융정보거래","런던 경찰, 영국 국립범죄청(NCA), 국제 법집행기관","영국(런던), 국제(피해자 다수, 구체적 국가 명시 없음)","런던 경찰이 국제 공조로 불법 신용카드 및 금융정보를 해킹해 유출·판매한 용의자 10명을 체포하고, 사이버범죄 네트워크에 타격을 입혔다.",https://www.bbc.com/news/uk-41240643,,,,,
88,2017,(가칭)Operation ASEAN Sweep,1,"해킹, 악성코드유포, 랜섬웨어, DDoS공격, 스팸유포, 불법데이터유출, 컴퓨터사기, 피싱","Interpol, Trend Micro, Kaspersky Lab, Cyber Defense Institute, Booz Allen Hamilton, British Telecom, Fortinet, Palo Alto Networks, 인도네시아, 말레이시아, 미얀마, 필리핀, 싱가포르, 태국, 베트남 등 각국 경찰 및 사이버수사기관, 중국(정보 제공)","인도네시아, 말레이시아, 미얀마, 필리핀, 싱가포르, 태국, 베트남, 중국(정보 제공)"," Interpol이 동남아시아 7개국(및 중국 정보 제공)의 경찰 및 민간 보안기업과 협력해, 9,000개 이상의 침해 서버와 수백 개의 웹사이트(정부포털 포함)에서 해킹, 악성코드, 랜섬웨어, DDoS, 스팸, 불법 데이터 유출 등 다양한 사이버범죄를 적발하고, 단속 결과를 발표했다.",https://www.freemalaysiatoday.com/category/nation/2017/04/24/interpol-finds-9000-compromised-websites,,,,,
89,2017,(가칭)Operation WannaCry,1,랜섬웨어,"주요 보안기업(하우리랩스, 시만텍 등), FBI, 미국 정부, 기타 국제 보안기관","미국, 영국, 중국, 러시아, 이스라엘, 남한 등(전 세계적 피해 및 조사)","북한이 배후로 추정되는 WannaCry 랜섬웨어 공격이 전 세계 300,000대 이상의 컴퓨터를 감염시켰으며, 주요 보안기업과 국제기관이 이 공격의 배후와 경로를 조사하고 있다.",https://time.com/4781809/ransomware-attack-north-korea-wannacry/,,,,,
94,2017,(가칭)Operation Fiji Fraud,1,"컴퓨터사기, 불법온라인도박","피지 경찰, 중국 경찰, 중국 대사관(수바)","피지, 중국","피지와 중국 당국이 공동으로 전화 및 온라인 사기 조직을 적발하여 77명의 중국 국적 용의자를 체포 및 송환하고, 사기와 관련된 장비를 압수하였다.",https://www.arabnews.com/node/1141451/world,,,,,
100,2017,(가칭)Operation QatarLeak,1,"사이버침입, 허위정보유포, 국가이미지훼손","카타르 내무부, 정부통신청(GCO), 미국 연방수사국(FBI), 영국 국가범죄수사위원회(National Commission for Combating Crime)","카타르, 미국, 영국","카타르 뉴스통신사(QNA)가 해킹을 당해 허위 뉴스가 유포되었으며, 카타르 내무부와 미국 FBI 등이 합동으로 조사하여 사이버침입 경로와 방법을 밝혀냈다.",https://www.aljazeera.com/news/2017/6/7/qatar-reveals-preliminary-results-of-qna-hacking-probe,,,,,
216,2018,"Methbot, 3ve",1,"디지털광고사기, 전자기록위변조, 자금세탁, 봇넷운영","미국 연방수사국(FBI), 미국 법무부, 불가리아 경찰, White Ops(미국 사이버보안 기업), XBT/Webzilla(웹호스팅 기업), Google(기술 분석)","미국, 러시아, 불가리아, 카자흐스탄, 네덜란드, 에스토니아, 말레이시아(주요 용의자 체포 및 피해 발생 국가)","러시아 및 카자흐스탄 출신 범죄자들이 미국과 유럽 등지의 서버를 활용해 ‘Methbot’와 ‘3ve’ 봇넷을 통해 디지털 광고 사기를 조직적으로 저지른 사실이 드러나, 미국 법무부와 FBI, 국제 수사기관이 2018년 주요 용의자들을 체포하고 수억 달러 규모의 피해를 확인했다.",https://www.rferl.org/a/methbot-russia-internet-fraud-state-sponsored-hacking-zhukov/31241417.html,,,,,
124,2018,Operation Power Off,1,DDoS공격,"영국 국가범죄수사국(National Crime Agency), 네덜란드 경찰, Europol, FBI, Police Scotland, 미국 법무부, 독일 경찰 등","영국, 네덜란드, 미국, 독일, 크로아티아, 세르비아, 캐나다, 이탈리아, 스페인, 호주, 홍콩","국제 법집행기관이 Operation Power Off 작전을 통해 세계 최대 DDoS-for-hire 서비스 Webstresser.org를 차단하고, 6명의 관리자를 체포하며, 136,000명 이상의 등록 사용자가 400만 건 이상의 사이버공격을 수행한 불법 인프라를 무력화하였다.",https://www.welivesecurity.com/2018/04/27/worlds-biggest-ddos-marketplace/,,,,2019.01.01.,2019.12.31.
127,2018,Operation WireWire,1,"비즈니스이메일사기(BEC), 이메일계정침해, 컴퓨터사기, 금융사기, 자금세탁","미국 법무부, FBI, 미국 국토안보부, 미국 재무부, 미국 우편검찰청, 각국 법집행기관","미국, 나이지리아, 캐나다, 모리셔스, 폴란드","미국 법무부와 FBI 등 국제 법집행기관이 Operation WireWire 작전을 통해 비즈니스 이메일 사기(BEC) 조직을 해체하고, 74명을 체포하며 약 240만 달러를 압수하고 1,400만 달러 상당의 불법 송금을 차단 및 회수하였다.",https://www.fbi.gov/news/stories/international-bec-takedown-061118,,,,,
97,2018,(가칭)Operation MoneyTaker,1,"금융기관해킹, 은행사기, 정보유출, 자금탈취","Group-IB(사이버보안기업), 피해 금융기관, 국제 로펌, 금융 소프트웨어 공급업체","미국, 영국, 러시아","러시아 기반의 Money Taker 해킹 조직이 미국, 영국, 러시아의 금융기관과 국제 로펌, 금융 소프트웨어 공급업체를 표적으로 맞춤형 악성코드와 다양한 침투 도구를 사용해 은행 시스템을 해킹하고 자금을 탈취하였다.",https://cyberscoop.com/money-taker-group-ib-banking-hack-russia/,,,,,
111,2018,(가칭)Operation Manila Gamble,1,사이버도박,"필리핀 국가수사국(NBI), 사이버범죄과, 디지털포렌식팀","필리핀, 중국","필리핀 국가수사국이 마닐라와 앵글스 시티에서 관광 비자로 입국한 중국인 15명을 불법 온라인 도박 운영 혐의로 체포하고, 도박 웹사이트 및 장비, 불법 접근장치 다수를 압수하였다.",https://www.gmanetwork.com/news/topstories/metro/676254/15-chinese-nationals-arrested-for-illegal-online-gambling/story/,,,,,
112,2018,(가칭)Operation EagleNet,1,"금융사기, 부패","EFCC(나이지리아 경제·금융범죄위원회), FBI(미국 연방수사국), EFCC 사이버범죄과","나이지리아, 미국","나이지리아 EFCC와 미국 FBI가 사이버범죄와 금융사기, 부패 등 국경 없는 범죄에 공동 대응하기 위해 공식적으로 협력 관계를 강화하고, 첨단 범죄 단속과 피해자 보호를 위해 정보 공유 및 조사 역량을 확대하였다.",https://www.vanguardngr.com/2018/06/efcc-fbi-partner-fight-cybercrime/,,,,,
121,2018,(가칭)Operation CardStorm,1,"신용카드정보도난및유통, 자금세탁, 컴퓨터사기, 범죄조직운영","영국 국가범죄수사국(National Crime Agency), FBI, 유럽 법집행기관","영국, 미국, 유럽(독일, 프랑스 등)","영국 국가범죄수사국과 FBI 등 국제 법집행기관이 협력하여 불법 신용카드 정보 도난 및 유통, 돈세탁, 사이버사기 등으로 수백만 달러의 피해를 발생시킨 범죄조직을 해체하고, 주요 인물 6명을 체포하였다.",https://www.bbc.com/news/uk-43893420,,,,,
122,2018,(가칭)Operation Carbanak,1,"금융기관해킹, 악성코드유포, 신용카드및은행계좌정보도난, 사기, 자금세탁, 범죄조직운영","스페인 국가경찰(Spanish National Police), Europol, FBI, 루마니아 경찰, 벨라루스 경찰, 대만(중화민국) 관련 기관, 민간 사이버보안 기업(카스퍼스키 등)","스페인, 미국, 루마니아, 벨라루스, 대만(중화민국)","스페인 국가경찰과 Europol 등 국제 법집행기관이 협력하여 Carbanak과 Cobalt 악성코드를 이용해 40여 개국 100개 이상의 금융기관에서 10억 유로 이상을 훔친 범죄조직의 핵심 인물을 체포하고, 해당 사이버범죄 네트워크를 무력화하였다.",https://www.europol.europa.eu/media-press/newsroom/news/mastermind-behind-eur-1-billion-cyber-bank-robbery-arrested-in-spain,,,,,
134,2018,(가칭)Operation Infraud,1,"신용카드·데빗카드·은행계좌 정보 도난 및 유통, 불법 하드웨어 유통, 악성코드유포, 컴퓨터사기, 범죄조직운영","미국 법무부, 미국 국토안보부, 태국 경찰, 프랑스 법집행기관, 영국 법집행기관, 이탈리아 법집행기관, 호주 법집행기관, 코소보 법집행기관, 세르비아 법집행기관","미국, 태국, 프랑스, 영국, 이탈리아, 호주, 코소보, 세르비아","미국 법무부와 국제 법집행기관이 협력하여 Infraud Organization의 주요 인물을 태국 등 여러 국가에서 체포하고, 신용카드·데빗카드·은행계좌 정보 도난 및 유통 등으로 5억 3천만 달러 이상의 피해를 유발한 글로벌 사이버범죄 조직을 무력화하였다.",https://www.voanews.com/a/thais-arrest-alleged-russian-cybercrime-market-operator/4246130.html,,,,,
135,2018,(가칭)Operation RexMundi,1,"사이버협박, 데이터유출, 불법침입, 신용카드정보도난, 범죄조직운영","영국 런던 경찰(Metropolitan Police), 프랑스 국가경찰(High Tech Crime Unit), 태국 왕립경찰, Europol, J-CAT(유럽합동사이버범죄특별팀)","영국, 프랑스, 태국","영국, 프랑스, 태국 법집행기관과 Europol이 협력하여 영국 기업을 대상으로 대규모 고객 데이터 유출 및 사이버 협박을 시도한 해킹조직 Rex Mundi의 주요 인물을 체포하고, 8명의 용의자를 모두 검거하며 해당 범죄조직을 해체하였다.",https://www.europol.europa.eu/media-press/newsroom/news/french-coder-who-helped-extort-british-company-arrested-in-thailand,,,,,
147,2018,(가칭)Operation ATM Havoc,1,"악성코드유포, 금융기관해킹, ATM네트워크공격, 신용카드정보도난, 금융사기, 자금세탁","Europol, Europol Cybercrime Centre(EC3), Europol Joint Cybercrime Action Taskforce(J-CAT), 스페인 국립경찰, 미국 FBI, 루마니아 법집행기관, 몰도바 법집행기관, 벨라루스 법집행기관, 대만 법집행기관, 민간 사이버보안 기업","스페인, 미국, 루마니아, 몰도바, 벨라루스, 대만, 40개국 이상(피해 국가)","Europol과 J-CAT, 스페인 국립경찰 등 국제 법집행기관이 협력하여 40개국 이상의 금융기관을 대상으로 악성코드와 ATM 네트워크 공격을 감행한 국제 사이버범죄 조직을 단속하고, 주요 용의자를 체포하며 10억 유로 이상의 피해를 유발한 범죄 네트워크를 해체하였다.",https://www.thirdway.org/report/countering-the-cyber-enforcement-gap-strengthening-global-capacity-on-cybercrime,,,,,
139,2019,Charlie Foxter,1,"사이버범죄, 금융사기, 온라인도박, 비자규정위반","네팔 중앙수사국, 네팔 경찰, 중국 국가중앙국(Interpol 연계), Interpol","네팔, 중국","네팔 경찰이 중국 국가중앙국과 협력하여 122명의 중국인을 체포하였으며, 이들은 네팔 내에서 사이버범죄, 금융사기, 온라인 도박 등 불법 활동을 벌인 혐의로 조사 중이다.",https://www.aljazeera.com/news/2019/12/24/nepal-detains-122-chinese-for-suspected-cybercrime-bank-fraud,,,,,
198,2019,Classiscam,1,"컴퓨터사기, 피싱, 신원도용, 불법데이터유출","Group-IB(그룹아이비), 각국 경찰 및 수사기관(특정 기관명은 기사에 미상세)","러시아, 미국, 유럽(불가리아, 체코, 프랑스, 폴란드, 루마니아 등), 구소련 국가 등","Group-IB(그룹아이비)와 각국 수사기관이 조사한 결과, 러시아를 기반으로 한 Classiscam(클래시캠) 사이버범죄 조직이 2019년부터 미국, 유럽, 구소련 국가 등을 대상으로 온라인 마켓플레이스에서 피싱 및 사기 활동을 벌여 2020년 한 해 동안 650만 달러 이상을 탈취한 것으로 드러났다.",https://www.zdnet.com/article/scam-as-a-service-operation-made-more-than-6-5-million-in-2020/,,,,,
146,2019,EndOCSEA Europe,1,"아동성착취성학대, 아동성착취물유통, 아동성착취물제작유포","유럽평의회(Council of Europe), Fund to End Violence Against Children, 각 회원국 법집행기관, 기타 국제기구","알바니아, 아르메니아, 아제르바이잔, 보스니아 헤르체고비나, 조지아, 몰도바, 몬테네그로, 세르비아, 터키, 우크라이나 등(유럽평의회 회원국 전체에 혜택, 10개국에 집중)","유럽평의회는 EndOCSEA@Europe 프로젝트를 통해 회원국들이 아동 성착취 및 성학대 온라인 범죄를 예방·대응하고 피해 아동을 보호·지원하며, 범죄자 처벌을 위한 전자증거 확보와 유해 콘텐츠 삭제 등 국제 협력 체계를 강화하고 있다.",https://www.coe.int/es/web/children/endocsea-europe/-/asset_publisher/KiKqVYLiqpEJ/content/how-do-we-prevent-and-combat-online-child-sexual-exploitation-and-abuse-,,,,,
158,2019,IM RAT 단속,1,"악성코드(Imminent Monitor RAT) 유포, 불법 원격 접근, 해킹, 데이터 유출, 키로깅, 웹캠 불법 접근, 개인정보 도용, 사기, 절도, 보이어리즘","Europol, Australian Federal Police(AFP), 영국 국립범죄수사국(NCA), 벨기에 경찰, 콜롬비아 경찰, 체코 경찰, 네덜란드 경찰, 폴란드 경찰, 스페인 경찰, 스웨덴 경찰","호주, 벨기에, 콜롬비아, 체코, 네덜란드, 폴란드, 스페인, 스웨덴, 영국","Europol과 호주, 유럽 각국 법집행기관이 협력하여 Imminent Monitor RAT 악성코드의 인프라 및 웹사이트를 압류하고, 개발자 및 대량 사용자 13명을 체포하며, 124개국에서 14,500명 이상이 사용한 위험한 원격제어 악성코드 네트워크를 해체하였다",https://thehackernews.com/2019/11/europol-imminent-monitor-rat.html,,,,,
155,2019,Interpol cybercrime operation across Africa,1,"컴퓨터사기, 금융사기, 신용카드 사기, 피싱, 해킹, 온라인 사기, 개인정보 도용","Interpol, EFCC(Economic and Financial Crimes Commission), 각국 법집행기관","나이지리아, 남아프리카공화국, 케냐, 코트디부아르 등 아프리카 국가","Interpol과 EFCC 등 아프리카 각국 법집행기관이 협력하여 나이지리아 등지에서 발생한 사이버사기, 금융사기, 피싱 등 다양한 사이버범죄를 저지른 용의자 다수를 체포하였다.",https://www.bbc.com/pidgin/tori-49629324,,,,,
159,2019,Mikhailov case,1,"국가기밀 유출(국가반역), 대외정보 제공, 해킹, 사이버범죄 협력, 불법 정보 유포","러시아 연방보안국(FSB) 정보보안센터(CIS), Kaspersky Lab, FBI, 미국 법무부","러시아, 미국","러시아 연방보안국(FSB) 정보보안센터 소속 미하일로프 대령과 카스퍼스키랩의 스토야노프 등은 미국 정보기관(FBI 등)에 러시아의 사이버범죄 관련 기밀 정보를 제공한 혐의로 국가반역죄로 기소되어 장기형을 선고받았으며, 이 사건으로 러시아-미국 사이버범죄 공조가 완전히 중단되었다.",https://www.rferl.org/a/russia-hacker-mikhailov-stoyanov-fsb-scandal-for-russian-security-agency/29794092.html,,,,,
179,2019,Operation NightFury,1,"Magecart(웹 스키밍) 공격, 결제 및 개인정보 탈취, 신용카드 사기, 신분 도용, 불법 자금 이체, 명령제어서버 운영","INTERPOL, 인도네시아 경찰(Indonesian National Police, Bareskrim Polri), Group-IB, Sanguine Security","인도네시아, 싱가포르(Group-IB 본사), 오스트레일리아, 유럽, 미국, 남미 등(피해 및 인프라 분포 국가)","INTERPOL이 주도한 Operation Night Fury 작전에서 인도네시아 경찰과 Group-IB가 협력해, 수백 개의 이커머스 사이트에 GetBilling 악성코드를 심어 결제 및 개인정보를 탈취한 Magecart 스타일 범죄자 3명을 체포하고, 다수의 명령제어서버를 압수하여 대규모 사이버범죄 네트워크를 해체하였다.",https://cyberscoop.com/magecart-arrest-indonesia-interpol-getbilling/,,,,,
157,2019,Operation Rewired,1,"비즈니스 이메일 사기(BEC), 온라인 사기, 신용카드 사기, 피싱, 컴퓨터 관련 사기, 신원 도용","FBI, Nigeria Economic and Financial Crimes Commission (EFCC), 각국 법집행기관","미국, 나이지리아, 터키, 가나, 프랑스, 이탈리아, 일본, 케냐, 말레이시아, 영국","FBI와 EFCC 등 국제 법집행기관이 Operation Rewired 작전을 통해 미국과 나이지리아를 중심으로 10개국에서 281명을 체포하고, 비즈니스 이메일 사기(BEC) 등 다양한 사이버사기 범죄 네트워크를 해체하였다",https://techxplore.com/news/2019-09-fbi-nigeria-step-up-cyber-crime.html#google_vignette,,,,2023.01.01.,2023.12.31.
156,2019,Trigger IV,1,"테러리즘, 사이버범죄, 조직범죄(마약 밀수 등), 불법 무기 거래, 불법 이민자 밀송, 불법 상품 밀매","INTERPOL, Arab Interior Ministers Council, Gulf Cooperation Council Police Organization(GCCPOL), Naif Arab University for Security Sciences, 각국 법집행기관","알제리, 바레인, 이집트, 이라크, 요르단, 쿠웨이트, 리비아, 모리타니, 모로코, 오만, 팔레스타인, 카타르, 사우디아라비아, 수단, 튀니지, 아랍에미리트, 예멘","중동과 북아프리카 17개국 경찰청장 및 주요 법집행기관 관계자가 모로코 마라케시에서 2일간 회의를 개최하여 테러리즘, 사이버범죄, 조직범죄 등 다양한 범죄 위협에 대한 지역 및 국제 협력 방안을 논의하였으며, INTERPOL 주도 하에 불법 무기 단속(Trigger IV), 해상 국경 보안(Neptune II) 등 작전 성과도 공유하였다",https://www.interpol.int/News-and-Events/News/2019/Middle-East-and-North-Africa-Police-Chiefs-address-regional-crime-issues,,,,,
165,2019,VIDTF Operation,1,"아동성학대, 아동포르노, 아동 성적 착취, 불법 이미지·영상 유포","Malta Police Force, Europol, Europol European Cybercrime Centre, INTERPOL","몰타, 호주, 벨기에, 캐나다, 크로아티아, 덴마크, 프랑스, 독일, 그리스, 헝가리, 이탈리아, 라트비아, 리투아니아, 네덜란드, 노르웨이, 루마니아, 슬로베니아, 스페인, 스웨덴, 스위스, 미국","Europol의 Victim Identification Taskforce(VIDTF)가 21개국 30명의 법집행 전문가와 협력해 4,800만 건 이상의 아동성학대 이미지와 동영상을 분석하며, 몰타 경찰을 포함한 국제팀이 4명의 피해 아동 신원을 확인하고 보호 조치를 마련하였다.",https://www.maltatoday.com.mt/news/court_and_police/98240/malta_police_aids_europol_to_identify_four_child_sexual_abuse_victims,,,,,
164,2019,xDedic,1,"해킹, 불법 서버 접근권 거래, 신원 및 개인정보 유출, 컴퓨터사기, 데이터 침해, 사기","Europol, 미국 법무부(Department of Justice), FBI, 벨기에 경찰, 우크라이나 경찰, Kaspersky Lab","미국, 벨기에, 우크라이나, 유럽연합(EU)","Europol과 미국 법무부, 벨기에 및 우크라이나 경찰 등 국제 법집행기관이 협력해 xDedic이라는 불법 서버 접근권 및 개인정보 거래 시장을 폐쇄하고, 벨기에와 우크라이나에 위치한 서버를 압류하며, 해당 시장에서 6,800만 달러 이상의 사기 피해가 발생한 사실을 확인하였다.",https://thehackernews.com/2019/01/cyber-criminal-marketplace.html,,,,,
150,2019,(가칭)Operation GozNym,1,"악성코드(GozNym) 유포, 피싱, 온라인 뱅킹 자격증명 도용, 은행계좌 불법 접근, 자금 절도, 자금세탁","Europol, Eurojust, 미국 서부 펜실베이니아 연방검찰, FBI, 독일 뤼네부르크 경찰, 불가리아 조직범죄수사국, 조지아 내무부 및 검찰, 우크라이나 국가경찰 및 검찰, 몰도바 경찰 및 검찰","미국, 불가리아, 독일, 조지아, 몰도바, 우크라이나","Europol, Eurojust와 6개국 법집행기관이 협력하여 GozNym 악성코드를 활용해 41,000명 이상의 피해자로부터 1억 달러를 탈취하려 한 국제 사이버범죄 네트워크를 해체하고 주요 인물을 체포하였다.",https://www.eurojust.europa.eu/news/goznym-malware-cybercriminal-network-dismantled-international-operation,,,,,
153,2019,(가칭)Operation Thallium Block,1,"스피어 피싱, 악성코드유포, 계정 침해, 네트워크 보안 침해, 민감 정보 탈취","Microsoft Digital Crimes Unit(DCU), Microsoft Threat Intelligence Center(MSTIC), 미국 동부버지니아 연방지방법원","미국, 일본, 한국(피해 국가), 북한(공격자 추정 소재지)","Microsoft는 미국 법원 명령을 받아 북한 소재로 추정되는 Thallium 해킹 조직이 사용하던 50개 도메인을 차단·압류함으로써, 미국·일본·한국 등지의 정부, 싱크탱크, 대학, 인권단체, 핵확산 관련 인사 등을 표적으로 한 스피어 피싱 및 악성코드 공격을 차단하였다.",https://blogs.microsoft.com/on-the-issues/2019/12/30/microsoft-court-action-against-nation-state-cybercrime/,,,,,
160,2019,(가칭)Operation Manila 600,1,"불법 온라인 도박, 컴퓨터사기, 투자 사기, 불법 취업, 불법 체류, 비자 위반, 자금세탁","Philippines Bureau of Immigration, 현지 경찰, 중국 대사관","필리핀, 중국","필리핀 이민국과 현지 경찰이 중국 대사관의 정보 제공을 받아 일주일 만에 600명 이상의 중국인을 체포하였으며, 이들은 불법 온라인 도박, 투자 사기 등 사이버범죄와 불법 취업, 체류 혐의로 추방 대상이 되었다",https://www.scmp.com/news/asia/southeast-asia/article/3027741/more-320-chinese-arrested-philippines-illegal-online,,,,,
176,2020,2BaGoldMule,1,"자금세탁, 불법 자금 이체, 신분 도용, 가짜 회사 설립, 해킹 및 사이버범죄 관련 불법 자금 처리","Europol, 포르투갈 사법경찰(Polícia Judiciária), 미국 법무부(DOJ), FBI, 스페인 국립경찰(Policía Nacional), 영국 국가범죄청(NCA), 라트비아 경찰, 불가리아 경찰, 조지아 내무부, 이탈리아 경찰, 독일 경찰, 스위스 경찰, 폴란드 경찰, 체코 경찰, 오스트레일리아 경찰, 스웨덴 경찰, 오스트리아 경찰, 벨기에 경찰, 카탈루냐 경찰(Mossos d’Esquadra)","포르투갈, 미국, 스페인, 영국, 라트비아, 불가리아, 조지아, 이탈리아, 독일, 스위스, 폴란드, 체코, 오스트레일리아, 스웨덴, 오스트리아, 벨기에","Europol이 주도한 2BaGoldMule 작전에서 16개국 법집행기관이 협력해 QQAAZZ 범죄 네트워크를 해체하고, 수천만 유로의 불법 자금을 처리한 멤버 20명을 체포하며, 전 세계적으로 해킹 및 사이버범죄로 인한 피해를 방지하였다.",https://www.europol.europa.eu/media-press/newsroom/news/20-arrests-in-qqaazz-multi-million-money-laundering-case,,,,,
186,2020,Carding Action 2020,1,"신용카드 정보 도난, 다크웹에서의 신용카드 정보 거래, 신분 도용, 사기, 불법 자금 이체","Europol, Group-IB, 이탈리아 경찰, 헝가리 경찰, 영국 Dedicated Card and Payment Crime Unit(DCPCU)","이탈리아, 헝가리, 영국","Europol이 주도한 Carding Action 2020 작전에서 이탈리아, 헝가리, 영국 경찰이 협력해 다크웹 시장에서 신용카드 정보 거래를 차단하고, 9만 건의 신용카드 정보를 분석해 약 4,800만 달러(4,000만 유로)의 피해를 방지하였다.",https://hackread.com/authorities-disrupt-dark-web-credit-card-trading-scam/,,,,,
192,2020,Operation Falcon,1,"피싱, 스팸 이메일 사기, 악성코드유포(AgentTesla, Loki, Azorult, Spartan, nanocore, Remcos 등), 신분 사칭, 불법 자금 이체, 데이터 유출, 스파이웨어 및 원격 접속 트로이목마 사용","나이지리아 경찰(Nigeria Police Force), INTERPOL(사이버범죄 및 금융범죄 부서), Group-IB, INTERPOL National Central Bureau(Abuja)","나이지리아, 싱가포르(Group-IB 본사), 전 세계 150개국 이상(피해국)",나이지리아 경찰이 INTERPOL과 Group-IB와 협력해 Operation Falcon 작전을 통해 전 세계 150개국 이상의 정부 및 민간 기업을 상대로 악성코드와 스팸 이메일을 유포하며 대규모 사기와 자금 이체를 저지른 나이지리아인 3명을 체포하였다.,https://guardian.ng/news/nigerian-police-join-interpol-group-ib-to-arrest-three-suspected-tmt-fraudsters/#google_vignette,,,,,
175,2020,Operation Goldfish Alpha,1,"봇넷, 피싱, 비즈니스 이메일 사기(BEC), 뱅킹 멀웨어, 랜섬웨어, 크립토재킹(암호화폐 채굴 악성코드)","INTERPOL ASEAN Cybercrime Operations Desk, 각국 경찰, 민간 보안기업","동남아시아(아세안) 국가(인도네시아, 말레이시아, 태국, 필리핀, 싱가포르, 베트남, 미얀마 등)","INTERPOL이 주도한 Operation Goldfish Alpha와 Operation Night Fury 등 작전을 통해 동남아시아 국가들이 직면한 봇넷, 피싱, BEC, 뱅킹 멀웨어, 랜섬웨어, 크립토재킹 등 주요 사이버위협을 분석하고 대응하며, 국가 간 정보 공유와 공동 작전을 통해 범죄 네트워크를 효과적으로 해체하고 있다.",https://www.interpol.int/News-and-Events/News/2020/INTERPOL-report-highlights-key-cyberthreats-in-Southeast-Asia,,,,,
177,2020,Operation Nova,1,"랜섬웨어, 이스키밍(E-skimming), 스피어피싱, 계정 탈취, 불법 자금 이체, 신분 도용","독일 Reutlingen 경찰본부, Europol, FBI, 프랑스 경찰, 네덜란드 경찰, 스위스 경찰","독일, 미국, 프랑스, 네덜란드, 스위스","독일 Reutlingen 경찰본부가 주도한 Operation Nova 작전에서 Europol, FBI, 프랑스, 네덜란드, 스위스 경찰이 협력해 전 세계 사이버범죄자들이 주로 사용하던 VPN 서비스 Safe-Inet의 서버와 도메인을 압수·차단하고, 랜섬웨어 등 주요 사이버범죄 인프라를 해체하였다.",https://cyberscoop.com/safe-inet-takedown-fbi-interpol/,,,,,
254,2020,Operation Zinger,1,"사이버범죄, 불법 데이터 보유, 신분도용, 사기, 해킹, 불법 금융거래","호주 연방경찰(AFP), 웨스턴오스트레일리아(WA) 경찰, 뉴사우스웨일스(NSW) 경찰, 빅토리아(Victoria) 경찰, 퀸즐랜드 경찰, Joint Policing Cybercrime Coordination Centre(JPC3), FBI","호주, 미국","호주 연방경찰(AFP)이 미국 FBI와 협력해 2020년부터 ‘Operation Zinger’ 작전을 통해 불법 데이터 마켓플레이스 ‘Genesis Market’을 이용해 대형 물류기업 Toll Holdings 등에서 유출된 개인정보와 계정정보를 보유·활용한 용의자를 포함, 호주 전역에서 24건의 수색과 10명의 체포를 단행하며 신분도용 및 사기 등 사이버범죄 네트워크를 적발했다.",https://thewest.com.au/news/court-justice/operation-zinger-alleged-cyber-criminal-had-details-from-major-logistics-company-police-say--c-11138447,,,,,
178,2020,WashYourCyberHands,1,"데이터 수집 악성코드, 랜섬웨어, 온라인 사기, 피싱","INTERPOL, 각국 법집행기관, 민간 보안기업, 국가 사이버보안기관, 온라인 정보공유 그룹","전 세계(INTERPOL 회원국 194개국, 실제 캠페인 참여국은 다수)","INTERPOL이 코로나19 팬데믹을 악용한 사이버범죄 증가에 대응해 전 세계적으로 #WashYourCyberHands 인식 캠페인을 진행하며, 데이터 수집 악성코드, 랜섬웨어, 온라인 사기, 피싱 등 주요 위협에 대한 경각심을 높이고 사이버위생 실천을 촉진하였다.",https://www.interpol.int/News-and-Events/News/2020/INTERPOL-launches-awareness-campaign-on-COVID-19-cyberthreats,,,,,
184,2020,(가칭)Operation Latvian Wash,1,"자금세탁, 불법 자금 이체, 신분 도용, 피싱, 해킹, 사이버 사기","라트비아 경찰(State Police), FBI, 미국 법무부(Department of Justice), Europol","라트비아, 미국","라트비아 경찰이 FBI 및 미국 법무부와 협력해, 미국 내 사이버범죄로 인한 불법 자금을 라트비아 은행계좌로 세탁한 범죄 네트워크를 해체하고, 주요 멤버를 체포하며 국제 공조의 중요성을 입증하였다.",https://eng.lsm.lv/article/society/crime/latvian-police-played-leading-role-in-us-cybercrime-crackdown.a378200/,,,,,
194,2020,(가칭)Operation Karachi Stalk,1,"사이버 괴롭힘, 협박, 허위 계정 운영, 명예훼손, 사기, 신분 도용, 사이버 범죄(블랙메일, 허위 정보 유포 등)","파키스탄 연방수사국(FIA), 트위터, 런던 메트로폴리탄 경찰, 두바이 경찰","파키스탄, 영국, 미국, 아랍에미리트(두바이)","파키스탄 연방수사국(FIA)이 트위터, 런던 및 두바이 경찰과 협력해 미국인 조지 기르기스를 중심으로 한 국제 네트워크가 운영한 허위 계정을 적발하고, 카라치의 세 가족을 대상으로 한 사이버 괴롭힘, 협박, 명예훼손 등 범죄 행위를 단속하였다.",https://dailytimes.com.pk/676333/ae7-architect-george-girgis-behind-fake-accounts-cybercrime-network/#google_vignette,,,,,
204,2021,Infraud 조직,1,"조직적 공갈, 신분 도용, 금융 사기, 불법 정보 유통","미국 법무부, 국제 수사기관(호주, 영국, 프랑스, 이탈리아, 코소보, 세르비아 경찰 등), 태국 경찰","미국, 러시아, 북마케도니아, 호주, 영국, 프랑스, 이탈리아, 코소보, 세르비아, 태국","미국 법무부와 국제 수사기관이 Infraud라는 초국가적 사이버범죄 조직을 해체하고, 러시아와 북마케도니아 국적의 조직원을 포함해 36명을 기소하고 13명을 체포하며, 5억 6,800만 달러 이상의 피해를 입힌 신분 도용 및 금융 사기 사건에 대한 판결을 내렸다.",https://www.rferl.org/a/us-sentences-cybercriminals-from-russia-and-north-macedonia-/31160664.html,,,,,
203,2021,Operation DarkHunTOR,1,"마약, 불법 자금, 무기, 해킹, 신용카드 정보 거래 등 다크웹 불법거래","유로폴(Europol), 유로저스트(Eurojust), 호주, 미국, 유럽 각국 경찰 및 수사기관","호주, 불가리아, 프랑스, 독일, 이탈리아, 네덜란드, 스위스, 영국, 미국","유로폴(Europol)과 유로저스트(Eurojust)가 주도하고 9개국 경찰이 협력한 Operation DarkHunTOR 작전에서 다크웹 불법거래에 연루된 150명 이상을 체포하고, 2,670만 유로(현금 및 가상화폐), 234kg의 마약, 45정의 총기 등을 압수했다.",https://www.aljazeera.com/news/2021/10/26/police-arrest-150-people-globally-in-dark-web-sting-europol,,,,,
228,2021,Operation Delilah,1,"피싱, 비즈니스 이메일 사기(BEC), 신분도용, 불법 이득 취득, 사이버범죄","인터폴(INTERPOL), 나이지리아 경찰(Nigeria Police Force), Group-IB, Palo Alto Networks Unit 42, Trend Micro, CyberTOOLBELT, 호주, 캐나다, 미국 법집행기관","나이지리아, 호주, 캐나다, 미국 및 기타(범죄 네트워크는 4대륙에 걸쳐 활동)","인터폴과 나이지리아 경찰, 민간 보안기업들이 전 세계적으로 대규모 피싱 및 비즈니스 이메일 사기(BEC)를 일으킨 TMT(실버테리어) 사이버범죄 조직의 수장을 체포하는 데 성공한 ‘Operation Delilah’ 작전을 수행했다.",https://www.group-ib.com/media-center/press-releases/interpol-gib-delilah/,,,,,
206,2021,Operation HAECHI-II,1,"온라인사기(로맨스 사기, 투자 사기), 불법 온라인 도박, 자금 세탁 등 사이버 금융범죄","인터폴(INTERPOL), 각국 전문 경찰 부서, 홍콩·마카오 경찰 등","앵골라, 브루나이, 캄보디아, 콜롬비아, 중국, 인도, 인도네시아, 아일랜드, 일본, 한국, 라오스, 말레이시아, 몰디브, 필리핀, 루마니아, 싱가포르, 슬로베니아, 스페인, 태국, 베트남, 홍콩, 마카오","인터폴(INTERPOL)이 주도한 Operation HAECHI-II 작전에서 20개국 이상과 홍콩·마카오가 협력하여 4개월간 온라인 사기, 불법 도박, 자금 세탁 등 사이버 금융범죄를 적발해 1,000명 이상을 체포하고 2,700만 달러 이상의 불법 자금을 차단했다.",https://www.interpol.int/News-and-Events/News/2021/More-than-1-000-arrests-and-USD-27-million-intercepted-in-massive-financial-crime-crackdown,,,,,
199,2021,Operation Ironside,1,"마약 밀수, 살인 주문, 불법 자금 세탁 등 조직범죄","호주 연방경찰(AFP), 미국 연방수사국(FBI), 유로폴(Europol), 뉴질랜드 경찰","호주, 미국, 유럽연합, 뉴질랜드","호주 연방경찰(AFP)과 미국 연방수사국(FBI), 유로폴(Europol), 뉴질랜드 경찰이 공조하여, 범죄조직이 사용하던 암호화 메신저 앱(ANoM)을 감청하며 200명 이상을 체포하고, 마약, 불법 자금, 무기 등을 압수하는 대규모 작전을 성공적으로 마쳤다",https://www.aljazeera.com/news/2021/6/8/australia-arrests-over-200-in-crackdown-of-underworld-messaging,,,,,
201,2021,Operation Lyrebird,1,"피싱, 카딩, 웹사이트 디페이스먼트, 악성코드 개발, 신용카드 부정사용, 사기","인터폴(INTERPOL), Group-IB(그룹아이비), 모로코 경찰","프랑스, 모로코 등(피해 발생 및 조사·체포 관련 주요 국가, 실제 범죄는 다국적)","Group-IB(그룹아이비)와 인터폴(INTERPOL)이 2년간 공동 조사한 Operation Lyrebird 작전에서, 프랑스 통신사와 주요 은행, 다국적 기업을 표적으로 한 피싱, 카딩, 웹사이트 디페이스먼트 등 다수의 사이버범죄를 저지른 용의자가 모로코 경찰에 의해 체포되었다.",https://www.group-ib.com/media-center/press-releases/gib-interpol-lyrebird/,,,,,
313,2021,Operation Morpheus,1,"불법 소프트웨어 유통, 사이버 침해, 랜섬웨어 유포, 악성코드유포, 데이터 절도, 불법 금융거래","영국 국가범죄수사국(NCA), Europol, FBI, 호주 연방경찰(AFP), 캐나다 왕립기마경찰(RCMP), 독일 연방범죄수사청(BKA), 네덜란드 국립경찰(Politie), 폴란드 중앙사이버범죄국(Central Cybercrime Bureau), Fortra(코발트 스트라이크 개발사), BAE Systems Digital Intelligence, Trellix, Shadowserver, Spamhaus, Abuse CH 등 민간 파트너","영국, 미국, 호주, 캐나다, 독일, 네덜란드, 폴란드 등 27개국","영국 국가범죄수사국(NCA)이 주도한 ‘Operation Morpheus’ 작전에서 Europol, FBI 등 국제 파트너와 민간 기업이 협력해 불법 코발트 스트라이크 소프트웨어를 적발하여 690개 인스턴스를 27개국 129개 ISP에서 차단하고, 593개를 해체하며, 대규모 사이버범죄 인프라에 중대한 타격을 입혔다.",https://www.nationalcrimeagency.gov.uk/news/national-crime-agency-leads-international-operation-to-degrade-illegal-versions-of-cobalt-strike,,,,,
200,2021,Operation Secreto,1,"카드사기, 신용카드 부정사용, 불법 자금 세탁","스페인 국가경찰, 미국 비밀경찰(US Secret Service), 오스트리아 경찰, 덴마크 경찰, 그리스 경찰, 미국 법무부(US Department of Justice), 미국 금융범죄단속네트워크(FinCEN), 유로폴(Europol), 유로저스트(Eurojust)","스페인, 미국, 오스트리아, 덴마크, 그리스","스페인 국가경찰과 미국 비밀경찰이 주도하고 유로폴(Europol)이 조정한 Operation Secreto 작전에서, 미국 은행을 표적으로 한 신용카드 부정사용 및 자금 세탁 조직이 해체되며 105명이 체포되고, 1,200만 유로 이상의 피해가 발생한 것으로 드러났다",https://www.europol.europa.eu/media-press/newsroom/news/105-arrested-for-stealing-over-%E2%82%AC12-million-us-based-banks,,,,,
218,2021,Operation Trojan Shield,1,"마약 밀수, 불법 자금 세탁, 조직범죄, 무기 밀수 등","호주 연방경찰(AFP), 미국 연방수사국(FBI), 유로폴(Europol), 16개국(일부 20개국 언급) 경찰 및 수사기관","호주, 미국, 영국, 뉴질랜드, 독일, 프랑스, 네덜란드, 스웨덴, 이탈리아, 오스트리아, 덴마크, 벨기에, 에스토니아, 리투아니아, 라트비아, 폴란드, 스페인, 핀란드 등(유럽연합 및 기타 국가 포함, 정확히는 16~20개국)","호주 연방경찰(AFP)과 미국 연방수사국(FBI), 유로폴(Europol) 등 16개국 이상의 수사기관이 3년간 공조하여, 범죄조직이 사용하던 암호화 메신저 앱(AN0M)을 개발·배포해 메시지를 감청하고, 800명 이상의 용의자를 체포하며, 마약, 무기, 불법 자금 등을 압수하는 대규모 작전을 성공적으로 마쳤다.",https://www.welivesecurity.com/2021/06/08/hundreds-arrested-tricked-using-fbi-run-chat-app/,,,,2024.01.01.,2024.12.31.
84,2021,(가칭)Operation PeerWatch,1,"아동 학대 영상 및 사진 유포, 아동 성착취, 불법데이터유출","몰타 경찰 사이버범죄팀, Europol, 유럽연합 회원국 경찰","몰타, 유럽연합 회원국(모두)","몰타 경찰 사이버범죄팀이 Europol과 유럽연합 회원국 경찰과 협력해, 피어투피어 네트워크를 통해 아동 학대 영상 및 사진을 유포하는 범죄자들을 단속하며, 해당 네트워크 이용자들에게 경고 메시지를 전송하는 작전을 수행했다.",https://timesofmalta.com/article/malta-police-taking-part-in-european-cyber-crime-operation.641343,,,,,
213,2021,(가칭)Operation DoubleVPN,1,"사이버범죄(랜섬웨어, 피싱, 신분도용, 불법 자금 유통 등), 불법 VPN 서비스 이용","네덜란드 국가경찰, 유로폴(Europol), 유로저스트(Eurojust), 미국 연방수사국(FBI), 캐나다, 스웨덴, 독일, 스위스, 불가리아, 영국, 이탈리아 경찰 및 수사기관","네덜란드, 미국, 캐나다, 스웨덴, 독일, 스위스, 불가리아, 영국, 이탈리아","네덜란드 국가경찰이 주도하고 유로폴·유로저스트, 미국·캐나다·스웨덴·독일·스위스·불가리아·영국·이탈리아 등 각국 경찰이 협력하여, 랜섬웨어 등 사이버범죄에 이용된 DoubleVPN 서비스의 서버와 도메인을 압수·차단하고, 범죄자 신원 추적을 위한 정보를 확보했다",https://www.welivesecurity.com/2021/06/30/global-police-vpn-service-cybercriminals/,,,,,
214,2021,(가칭)Operation TrickBot Witte,1,"사이버범죄, 랜섬웨어, Trickbot 멀웨어 유포, 신용카드 정보 유출 등","미국 법무부, FBI, 국제 수사기관","미국, 러시아(용의자 국적)","러시아 출신의 55세 여성 알라 위테(Alla Witte)가 미국 법무부에 의해 Trickbot 사이버범죄 조직의 핵심 멤버로 기소되어, 랜섬웨어 및 멀웨어 유포, 신용카드 정보 유출 등 다양한 사이버범죄에 연루된 사실이 밝혀졌다",https://www.bloomberg.com/news/articles/2021-06-09/hacker-known-as-max-is-55-year-old-woman-from-russia-u-s-says,,,,,
234,2022,Africa Cyber Surge Operation,1,"사이버범죄(랜섬웨어, 피싱, 비즈니스 이메일 사기, 온라인 사기, 악성코드유포, 데이터 도용 등)","인터폴(INTERPOL), AFRIPOL, 각국 경찰 및 수사기관, 민간 보안기업(Group-IB, Kaspersky, Trend Micro 등)",아프리카 25개국,"인터폴이 주도한 ‘Africa Cyber Surge Operation’에서 아프리카 25개국 법집행기관과 민간 보안기업이 협력해 200,000개 이상의 악성 인프라를 해체하고, 다양한 사이버범죄 위협을 식별·차단하며 지역 사이버보안 역량을 강화했다.",https://www.interpol.int/News-and-Events/News/2022/Operation-across-Africa-identifies-cyber-criminals-and-at-risk-online-infrastructure,,,,,
213,2022,Operation Chakra,1,"사이버범죄(국제적 조직 범죄, 피싱, 온라인 사기, 신용카드 사기 등)","인도 중앙수사국(CBI), 델리, 펀자브, 라자스탄, 아삼, 카르나타카, 안다만, 하리아나 경찰, 미국 연방수사국(FBI), 인터폴(INTERPOL), 캐나다 경찰, 오스트레일리아 경찰, 민간기업","인도, 미국, 캐나다, 오스트레일리아","인도 중앙수사국(CBI)이 미국, 캐나다, 오스트레일리아 등 국제 기관과 협력하여 라자스탄 등 8개 주에서 ‘Operation Chakra’ 작전을 펼쳐 국제 사이버범죄 조직의 인프라를 해체하고, 115개 장소를 압수수색하며 국제적 조직 사이버범죄자들을 적발했다.",https://timesofindia.indiatimes.com/city/jaipur/cbis-op-chakra-to-battle-cybercrime-gangs-in-state/articleshow/94654273.cms,,,,,
378,2022,Operation Chakra-III,1,"컴퓨터사기, 불법 금융거래, 신분도용(기술지원 요원 사칭), 암호화폐 및 금괴를 이용한 자금 세탁, 조직범죄, 컴퓨터 및 은행계좌 무단 접근","CBI(중앙수사국), FBI(미국 연방수사국), INTERPOL(인터폴), 인도 각 지역 경찰, 각국 법집행기관(피해자 및 용의자 국적에 따라 다수 협력)","인도, 미국, 전 세계(피해자 및 용의자 국적 다양)","CBI와 FBI가 ‘Operation Chakra-III’ 작전을 통해 뭄바이와 콜카타 등 7곳에서 동시 압수수색을 실시해 미국인 등 외국인을 상대로 기술지원 요원을 사칭해 컴퓨터와 은행계좌에 무단 접근한 후 453,953달러를 암호화폐 및 금괴로 세탁한 국제 사이버범죄 네트워크를 해체하고, 주범을 체포하며 대량의 금괴와 현금, 증거물을 압수했다.",https://www.freepressjournal.in/mumbai/operation-chakra-iii-cbi-fbi-dismantle-cybercrime-network-in-mumbai-kolkata-mastermind-arrested,,,,,
235,2022,Operation Discovery,1,"사이버범죄, 신분도용, 경제적·성적 갈취, 불법 자금세탁, 불법 무기 소지, 불법 마약 유통, 공무원 사칭(미국 FBI 요원 사칭 포함)","도미니카공화국 검찰총장실, 도미니카공화국 경찰, 도미니카공화국 고위기술범죄특별검찰, 도미니카공화국 자금세탁 및 테러자금조달 특별검찰, 산티아고 검찰, FBI, 미국 국토안보부 수사국(HSI)","도미니카공화국, 미국","도미니카공화국 검찰과 경찰이 FBI 및 미국 국토안보부 수사국과 협력해 ‘Operation Discovery’ 작전을 통해 신분도용, 경제적·성적 갈취, 불법 자금세탁 등으로 수백 명의 미국인을 사기한 초국적 사이버범죄 네트워크를 해체하고, 70여 명을 체포하며 대규모 범죄조직을 무력화했다.",https://dialogo-americas.com/articles/operation-discovery-dismantles-cybercrime-network-in-the-dominican-republic/,,,,,
210,2022,Operation Fox Hunt 2,1,"사이버범죄, 금융사기, 자금세탁, 해킹, 사기, 신분도용, 은행사기, 불법 소득 획득","두바이경찰, 미국 연방수사국(FBI), 미국 법무부, 두바이 검찰","아랍에미리트(두바이), 미국, 나이지리아(용의자 국적), 유럽(피해국 포함)","두바이경찰이 ‘Operation Fox Hunt 2’ 작전으로 나이지리아 출신 인플루언서 Hushpuppi(본명 Ramon Abbas)를 체포해 미국으로 인도하였으며, 미국 법원은 그가 주도한 다국적 사이버범죄 조직의 금융사기, 자금세탁, 신분도용 등 혐의로 11년형을 선고했다.",https://www.arabianbusiness.com/culture-society/dubai-arrested-nigerian-influencer-hushpuppi-sentenced-to-11-years-jail,,,,,
217,2022,Operation Jackal,1,"사이버범죄, 온라인 금융사기, 신분도용, 사기, 자금세탁, 마약 및 인신매매 등(Black Axe와 유사 조직이 관련된 다양한 범죄)","인터폴(Interpol), Interpol Financial Crime and Anti-Corruption Centre(IFCACC), 각국 법집행기관(경찰, 수사기관 등)","나이지리아, 남아프리카공화국, 이탈리아 등 14개국(아시아, 유럽, 북미, 남미 등 4대륙)","인터폴이 주도한 ‘Operation Jackal’ 작전에서 나이지리아의 주요 범죄조직 Black Axe와 연계된 75명을 14개국에서 체포하고, 49곳을 압수수색하며 120만 유로를 압류하는 등 국제 사이버범죄 조직에 강력한 타격을 가했다.",https://www.thecable.ng/interpol-arrests-75-cybercrime-suspects-linked-to-black-axe/,,,,,
229,2022,Operation Killer Bee,1,"사이버범죄, 온라인 사기, 금융사기, 비즈니스 이메일 사기(BEC), 불법 자금 유통, 신용정보 도용, 악성코드(Agent Tesla) 유포 및 사용","인터폴(INTERPOL), 나이지리아 경제범죄수사위원회(EFCC), ASEAN 사이버범죄작전데스크(Asean Cybercrime Operations Desk), 싱가포르 정부, Trend Micro 등 민간 보안기업","브루나이, 캄보디아, 인도네시아, 라오스, 말레이시아, 미얀마, 나이지리아, 필리핀, 싱가포르, 태국, 베트남","인터폴이 주도한 ‘Operation Killer Bee’ 작전에서 나이지리아 경제범죄수사위원회(EFCC)와 동남아시아 10개국 법집행기관이 협력해 Agent Tesla 악성코드를 이용한 금융사기 및 비즈니스 이메일 사기(BEC) 혐의로 나이지리아인 3명을 체포하고, 국제 사이버범죄 조직의 위협을 차단했다.",https://www.interpol.int/News-and-Events/News/2022/Online-scamming-fraud-three-Nigerians-arrested-in-INTERPOL-Operation-Killer-Bee,,,,,
301,2022,Operation Kraken,1,"마약 밀매, 자금세탁, 조직적 범죄, 암호화 통신 플랫폼 불법 운영, 살인 주문 및 폭력 협박, 불법 무기 소지","Europol, 호주 연방경찰(AFP), 아일랜드 경찰(An Garda Síochána), 이탈리아 경찰, 캐나다 경찰, 프랑스 경찰, 아이슬란드 경찰, 네덜란드 경찰, 스웨덴 경찰, 미국 법집행기관","호주, 캐나다, 프랑스, 아이슬란드, 아일랜드, 이탈리아, 네덜란드, 스웨덴, 미국","Europol과 9개국 법집행기관이 협력한 ‘Operation Kraken’ 작전에서 암호화 통신 플랫폼 ‘Ghost’를 해체하고, 마약 밀매 및 자금세탁 등 조직적 범죄에 관여한 51명을 체포하며, 무기·마약·현금 등 대량의 증거를 압수해 전 세계 조직범죄 네트워크에 중대한 타격을 입혔다.",https://www.reuters.com/technology/cybersecurity/ghost-cybercrime-platform-dismantled-global-operation-51-arrested-2024-09-18/,,,,,
285,2022,(가칭)Operation FakeMall Takedown,1,"사이버 사기, 신분도용, 불법 금융거래, 계정 정보 유출, 피싱, 데이터 절도, 조직적 사이버범죄","Europol, 독일 하노버 경찰(Polizeidirektion Hannover), Verden 검찰청(Staatsanwaltschaft Verden), 각국 법집행기관(독일, 오스트리아, 핀란드, 네덜란드, 노르웨이 등)","독일, 오스트리아, 핀란드, 네덜란드, 노르웨이","Europol과 독일 하노버 경찰이 주도하고 여러 유럽 국가가 협력한 작전에서 사이버 범죄 마켓플레이스와 연계된 가짜 온라인 쇼핑 사이트 네트워크를 해체하고, 50개 이상의 서버를 압수하며, 2명의 주요 용의자를 체포하고 200TB 이상의 디지털 증거를 확보해 대규모 온라인 사기 조직을 무력화했다.",https://www.europol.europa.eu/media-press/newsroom/news/fraudulent-shopping-sites-tied-to-cybercrime-marketplace-taken-offline,,,,,
215,2022,(가칭)Operation Black Axe,1,"사이버범죄, 비즈니스 이메일 위장 사기(BEC), 투자사기, 실업보험 사기, 온라인 연애사기, 자금세탁","미국 연방수사국(FBI), 텍사스 주 경찰, 미국 법무부","미국, 나이지리아(범죄 조직 본부)","미국 연방수사국(FBI)이 나이지리아 기반 범죄조직 ‘Black Axe’ 소속 33명을 체포해, 2017년부터 비즈니스 이메일 위장 사기(BEC), 투자사기, 실업보험 사기, 온라인 연애사기 등으로 1억 7천만 원 이상(미화 1,700만 달러)을 절취한 사실을 밝혔다.",https://therecord.media/us-arrests-33-bec-scammers-linked-to-nigerian-crime-syndicate,,,,,
226,2022,(가칭)Operation Marketplace A,1,"와이어 사기(wire fraud), 접근장치 사기(access device fraud), 중대한 신분도용(aggravated identity theft), 불법 접근장치 유통, 불법 접근장치 보유, 불법 접근장치 권유 등","미국 법무부(DOJ), FBI, 동부 텍사스 연방검찰(EDTX), 라트비아 국가경찰(State Police of Latvia)","미국, 라트비아","러시아인 이고르 데흐티아르추크는 2018년부터 신용카드 정보, 온라인 계정 로그인 등 도용 데이터를 판매하는 사이버범죄 마켓플레이스 A를 운영한 혐의로 미국 법무부와 FBI에 의해 기소되어 FBI 사이버 최우수 수배자 명단에 올랐으며, 동부 텍사스 연방대배심에서 체포 영장이 발부되었다.",https://cyberscoop.com/igor-dekhtyarchuk-marketplace-a-indictment-doj-fbi/,,,,,
232,2022,(가칭)Operation Molo Sanction,1,"미국 정부 제재 위반, 사이버범죄(러시아 군사정보기관 주도), 불법 자금 세탁, 불법 이득 취득","미국 법무부(DOJ), FBI, 미국 재무부, 유럽 각국 수사기관(협력)","미국, 유럽(협력기관 소재 국가)","미국 법무부와 FBI가 러시아의 크렘린과 연계된 올리가르흐 콘스탄틴 말로페예프를 미국 제재 위반 혐의로 기소하고, 러시아 군사정보기관이 주도한 사이버범죄 조직을 해체하는 등 러시아의 불법 자산 및 사이버범죄에 대한 국제적 대응을 강화했다.",https://www.pressherald.com/2022/04/06/u-s-charges-russian-oligarch-dismantles-cybercrime-operation/,,,,,
237,2022,(가칭)Operation Raccoon Sweep,1,"사이버범죄, 컴퓨터 관련 사기 음모, 금융사기 음모, 자금세탁 음모, 중대한 신분도용, 불법 데이터 도용","미국 법무부(DOJ), FBI, 네덜란드 경찰, 이탈리아 경찰","미국, 네덜란드, 이탈리아","미국 법무부와 FBI가 네덜란드 및 이탈리아 경찰과 협력해 ‘Raccoon Infostealer’ 악성코드 운영을 주도한 우크라이나인 마크 솔로프스키를 체포하고, 전 세계 수백만 대의 컴퓨터를 감염시켜 5천만 건 이상의 개인정보를 탈취한 국제 사이버범죄 조직의 디지털 인프라를 해체했다.",https://www.scworld.com/brief/cybercriminals-increasingly-using-caramel-credit-card-theft-service,,,,,
358,2022,(가칭)Operation JP Morgan,1,"랜섬웨어, 악성 광고, 악성코드유포, 신분도용, 자금세탁","미국 법무부, 미국 비밀경호국(USSS), FBI, 영국 국가범죄수사국(NCA), 스페인 경찰","영국, 미국, 스페인","영국, 미국, 스페인 등 국제 공조로 “J.P. Morgan”으로 알려진 랜섬웨어 조직의 수장 막심 실니카우(Maksim Silnikau)와 동조자들을 체포·송환하여, 2011년부터 수천만 달러를 갈취한 대규모 랜섬웨어 및 악성코드 네트워크를 해체했다.",https://www.occrp.org/en/news/ransomware-kingpin-extradited-to-us-faces-decades-in-prison,,,,,
262,2023,Africa Cyber Surge II,1,"사이버범죄, 온라인 사기, 피싱, 비즈니스 이메일 침해(BEC), 익스터션(협박), 스캠, 불법 금융거래, 메시징 플랫폼 사기, 예술품 사기, 머니 뮬 활동","인터폴(INTERPOL), 아프리폴(AFRIPOL), 아프리카 25개국 경찰 및 수사기관, Group-IB, Trend Micro, Kaspersky, Coinbase 등 민간 기업","카메룬, 나이지리아, 모리셔스, 감비아, 케냐 등 아프리카 25개국","인터폴과 아프리폴이 주도하고 아프리카 25개국 법집행기관 및 민간 기업이 협력한 ‘Africa Cyber Surge II’ 작전에서 14명의 사이버범죄 용의자를 체포하고, 2만 개 이상의 사이버범죄 네트워크와 1,400여 개의 피싱 사이트, 수백 개의 악성 IP 및 봇넷을 무력화하며, 4천만 달러 이상의 금융 피해와 관련된 조직적 범죄를 적발했다.",https://therecord.media/africa-cyber-surge-14-arrests-interpol,,,,,
243,2023,HAECHI IV,1,"사이버범죄, 투자사기, 로맨스사기, 불법 온라인 도박 관련 자금세탁, 온라인 섹스토션, 보이스피싱, 비즈니스 이메일 사기(BEC), 이커머스 사기, 암호화폐 사기, 불법 마약, 악성코드, 가짜 문서 유통(Kingdom Market 관련)","인터폴(INTERPOL), 한국 경찰, 필리핀 경찰, 미국 법무부(DOJ), FBI, 독일 연방경찰, 스위스 경찰, 우크라이나 경찰, 몰도바 경찰, 호주 경찰 등","한국, 필리핀, 미국, 독일, 스위스, 우크라이나, 몰도바, 호주, 아시아·유럽·아프리카 34개국(한글로는 ‘한국, 필리핀, 미국, 독일, 스위스, 우크라이나, 몰도바, 호주, 아시아·유럽·아프리카 34개국’)","인터폴이 주도한 HAECHI IV 작전에서 34개국 법집행기관이 협력해 투자사기, 로맨스사기, 자금세탁, 보이스피싱, 비즈니스 이메일 사기(BEC), 이커머스 사기 등 다양한 금융 사이버범죄로 약 3,500명의 용의자를 체포하고, 3억 달러(현금 및 가상자산)를 압수했다.

이번 작전에서 82,112개 은행계좌와 367개 가상자산계좌가 차단되었으며, 필리핀과 한국 경찰이 마닐라에서 온라인 도박 인물을 체포했다.

독일은 미국, 스위스, 우크라이나, 몰도바와 협력해 다크웹 마켓플레이스 ‘Kingdom Market’을 해체하고, 마약, 악성코드, 가짜 문서 등 불법상품 유통을 차단했다.

미국 법무부와 FBI, 호주 당국은 랜섬웨어 서비스 ‘BlackCat’(ALPHV) 인프라를 압수하는 등 국제 사이버범죄 대응을 확대했다.

인터폴은 신종 암호화폐 투자사기(‘rug pull’ 사기), 생성형 AI와 딥페이크를 활용한 신분 사칭 사기 등 신규 위협에 대해 각국에 경고했다.",https://securityboulevard.com/2023/12/international-investigations-target-financial-cybercrime/,,,,,
253,2023,Operation Chakra-II,1,"사이버범죄, 조직적 금융범죄, 암호화폐 사기, 기술지원 사기(Tech Support Fraud), 신분도용, 불법 콜센터 운영, 불법 금융거래","인도 중앙수사국(CBI), 인도 내 각 지역 경찰, Microsoft, Amazon, 미국 연방수사국(FBI), Interpol(국제형사경찰기구), 영국 국가범죄수사국(NCA), 싱가포르 경찰, 독일 연방범죄청(BKA)","인도, 미국, 영국, 싱가포르, 독일","인도 중앙수사국(CBI)이 Microsoft, Amazon, 미국 FBI, Interpol 등 국내외 기관과 협력하여 ‘Operation Chakra-II’ 작전을 통해 전국 76곳을 동시에 수색하며, 암호화폐 사기 및 기술지원 사기 등 조직적 금융 사이버범죄 네트워크의 인프라를 무력화하고 다수의 전자기기와 증거를 압수했다.",https://www.newsbytesapp.com/news/india/operation-chakra-ii-cbi-launches-crackdown-on-cybercrime-gangs/story,,,,,
289,2023,Operation Contender 2.0,1,"피싱, 신분도용, 불법 금융거래, 데이터 절도, 사기, 계정 정보 유출, 불법 서버 운영, 로맨스 사기, 비즈니스 이메일 침해(BEC)","INTERPOL, 코트디부아르 사이버범죄팀(Côte d’Ivoire Cyber Unit), 스위스 경찰, 나이지리아 경찰, INTERPOL AFJOC(아프리카 합동 사이버범죄 대응팀), Trend Micro, Group-IB","코트디부아르, 스위스, 나이지리아","INTERPOL과 코트디부아르, 스위스, 나이지리아 법집행기관이 협력한 ‘Operation Contender 2.0’ 작전에서 대규모 피싱 및 로맨스 사기 조직을 적발하여 코트디부아르에서 8명을 체포하고, 스위스 시민을 대상으로 한 140만 달러 이상의 금융 피해를 확인하며, 대규모 사이버범죄 네트워크에 중대한 타격을 입혔다.",https://www.interpol.int/News-and-Events/News/2024/Arrests-in-international-operation-targeting-cybercriminals-in-West-Africa,,,,,
249,2023,Operation Cookie Monster,1,"사이버범죄, 신분도용, 불법 데이터 판매, 악성코드유포, 랜섬웨어, 불법 금융거래, 서버 침입 및 정보탈취","미국 연방수사국(FBI), 미국 법무부(DOJ), 영국 국가범죄수사국(NCA), 호주 연방경찰(AFP), 캐나다 경찰, 독일 경찰, 네덜란드 경찰, 스웨덴 경찰, 유로폴(Europol), 유럽 각국 경찰 및 수사기관","미국, 영국, 호주, 캐나다, 독일, 네덜란드, 스웨덴, 유럽 10개국 이상","미국 FBI가 주도한 ‘Operation Cookie Monster’ 작전에서 영국, 호주, 캐나다, 독일, 네덜란드, 스웨덴 등 10개국 이상의 법집행기관이 협력해 세계 최대 규모의 신분도용 및 불법 데이터 판매 시장 ‘Genesis Market’을 폐쇄했다.

전 세계적으로 120명 이상의 용의자가 체포되고, 200건 이상의 수색이 이루어졌으며, 59,000명 이상의 시장 이용자 정보가 확인되었다.

Genesis Market은 2017년부터 운영되며, 해킹된 컴퓨터의 로그인 정보, 쿠키, 디지털 지문 등 다양한 개인정보를 판매해 신분도용, 랜섬웨어, 불법 금융거래 등 다양한 사이버범죄에 이용되었다.

FBI는 피해자 알림을 위해 수백만 건의 이메일 주소와 비밀번호를 ‘Have I Been Pwned’ 등 보안 서비스에 제공했다.

이번 작전은 국제 협력의 중요성을 보여주며, 사이버범죄 대응에 있어 법집행기관 간 정보공유와 공동 대응의 성공적 사례로 평가받고 있다.",https://www.9news.com.au/world/fbi-seizes-popular-cybercrime-forum-genesis-market-used-for-large-scale-identity-theft/0e7d2fab-5491-4ece-8520-3232aa43f0c0,,,,,
412,2023,Operation Endgame1,1,"악성코드유포, 랜섬웨어, 트로이목마, 정보 탈취, 사기, 데이터 침해, 신분 도용, 불법 자금 이체","미국 법무부(DOJ), FBI, Europol, 독일 연방경찰, 네덜란드 경찰, 호주 연방경찰, 루마니아 경찰, CrowdStrike, ESET, Proofpoint, Team Cymru, ZScaler","미국, 독일, 네덜란드, 호주, 루마니아","미국, 유럽, 호주 등 국제 법집행기관이 Operation Endgame의 일환으로 Cryptor 악성코드 명령제어 서버를 압류하고, 관련 용의자를 체포하며, 전 세계적으로 피해를 야기한 악성코드 네트워크를 해체하였다.",https://therecord.media/international-operation-takes-down-cryptor,,,,,
212,2023,Operation HAECHI III,1,"온라인 사기, 보이스 피싱, 연애사기, 섹스토션(성적 협박), 투자사기, 불법 온라인 도박 관련 자금세탁 등","인터폴(INTERPOL), 각국 법집행기관(최소 30개국 이상의 경찰, 수사기관), 인터폴 내셔널 센트럴 뷰로(한국, 인도, 호주 등)","한국, 인도, 호주, 아일랜드, 그리스, 이탈리아 등 최소 30개국(아시아, 유럽, 북미, 남미, 아프리카, 오세아니아 전역)","인터폴 주도 하에 전 세계 30개국 이상의 법집행기관이 5개월간 ‘Operation HAECHI III’을 펼쳐 975명의 사이버범죄자를 체포하고, 1억 3천만 달러 상당의 자산을 회수하며 온라인 사기, 보이스 피싱, 연애사기, 섹스토션 등 다양한 사이버범죄를 적발했다.",https://www.cpomagazine.com/cyber-security/interpol-arrested-almost-1000-cybercriminals-and-recovered-130-million-in-global-operation/,,,,,
265,2023,Operation Nervone,1,"사이버범죄, 비즈니스 이메일 침해(BEC), 피싱, 악성코드유포, 불법 금융거래, 시스템 침입, 데이터 절도, 자금세탁","INTERPOL, AFRIPOL, Group-IB, Orange S.A., 코트디부아르 정보기술 및 디지털흔적분석국(DITT), 미국 비밀경찰(US Secret Service), Booz Allen Hamilton DarkLabs","코트디부아르, 프랑스, 미국, 영국, 독일, 아프리카 15개국 피해국, 아시아, 라틴아메리카 등","INTERPOL이 주도하고 Group-IB 및 Orange 등이 협력한 ‘Operation Nervone’ 작전에서, 코트디부아르 당국이 프랑스어권 사이버범죄 조직 OPERA1ER의 주요 용의자를 체포하며, 15개국에서 30건 이상의 금융기관 및 통신사 공격과 최대 3,000만 달러의 피해를 낸 범죄 네트워크를 무력화했다.",https://www.group-ib.com/media-center/press-releases/operation-nervone/,,,,,
282,2023,Operation Synergia,1,"피싱, 악성코드, 랜섬웨어, 불법 금융거래, 데이터 절도, 계정 정보 유출, 불법 서버 운영","INTERPOL, Kaspersky, INTERPOL Gateway 프로젝트 파트너(각국 법집행기관, 민간 사이버보안 기업)",INTERPOL 회원국 50개국 이상,"INTERPOL과 Kaspersky 등 민간 파트너가 협력한 ‘Operation Synergia’ 작전에서 50개국 이상의 법집행기관이 피싱, 악성코드, 랜섬웨어 등 범죄 인프라를 무력화하고, 1,300여 개의 의심 서버를 확인해 그 중 70%를 조치하며 31명을 체포하는 등 대규모 국제 사이버범죄 네트워크에 타격을 입혔다.",https://www.kaspersky.com/about/press-releases/kaspersky-shares-cyberthreat-data-with-interpol-in-operation-to-disrupt-transnational-cybercrime,,,,,
248,2023,Qakbot,1,"사이버범죄, 악성코드(Qakbot) 유포, 랜섬웨어, 데이터 도용, 불법 금융거래","미국 법무부(DOJ), FBI, 네덜란드 경찰, 프랑스 경찰, 독일 경찰, 루마니아 경찰, 라트비아 경찰, 유로폴(Europol), 미국 사이버보안기업 등","미국, 네덜란드, 프랑스, 독일, 루마니아, 라트비아","미국 법무부와 FBI, 네덜란드 등 6개국 경찰이 협력해 Qakbot 악성코드의 서버 22대를 네덜란드에서 압수하고, 랜섬웨어 및 데이터 도용 등 전 세계적 사이버범죄 인프라를 해체하는 데 성공했다.",https://www.curacaochronicle.com/post/world/international-operation-dismantles-qakbot-malware-22-servers-seized-in-the-netherlands/,,,,,
439,2023,(가칭)Operation Crypto Blender,1,"자금세탁 공모, 무면허 자금 송금 사업 운영, 랜섬웨어 수익 세탁, 암호화폐 절도, 불법 금융정보 거래, 사이버범죄","미국 법무부(DOJ), 미국 연방수사국(FBI), 네덜란드 재정정보조사국(FI-IS), 핀란드 국립수사국(NBI), 미국 재무부 OFAC","미국, 네덜란드, 핀란드, 러시아(피의자 국적)","미국 법무부와 국제 공조기관이 블렌더(Blender.io)와 신바드(Sinbad.io) 암호화폐 믹서를 운영하며 랜섬웨어 등 불법 수익을 세탁한 러시아인 3명을 기소하고, 서비스 인프라를 단속해 범죄 네트워크에 타격을 입혔다.",https://cyberscoop.com/russians-crypto-mixers-doj-charges/,,,,,
197,2023,(가칭)Operation Africa CyberDesk,1,사이버범죄(인터넷 사기 등 포함),"인터폴(INTERPOL), 영국 외교부(UK Foreign Office), 각국 경찰 및 수사기관",아프리카 49개국(구체적 국가명 미상세),"인터폴(INTERPOL)이 영국 지원으로 아프리카 49개국의 사이버범죄 대응 역량 강화를 위해 새로운 사이버범죄 운영 데스크를 설립하고, 정보 기반의 공동작전 및 연례 위협 평가를 지원하는 이니셔티브를 시작했다",https://www.interpol.int/News-and-Events/News/2021/INTERPOL-launches-initiative-to-fight-cybercrime-in-Africa,,,,,
244,2023,(가칭)Operation IRS Scamcall,1,"사이버범죄, 신분사칭(미국 세무서, 사회보장국, 마약단속국 등 공무원 사칭), 사기(cheating), 갈취(extortion), 공모(criminal conspiracy), 신분도용(identity theft), 위장(impersonation)","델리 경찰(Intelligence Fusion & Strategic Operations, IFSO), FBI, 인터폴","인도, 미국, 우간다","델리 경찰이 FBI와 인터폴과 협력해 인도, 미국, 우간다에 걸친 국제 사이버범죄 조직을 적발했다.

범죄자들은 미국 세무서(IRS), 사회보장국, 마약단속국 등 공무원을 사칭해 콜센터를 운영하며 수백만 달러 규모의 사기와 갈취, 신분도용을 저질렀다.

주요 용의자(파르트 아마르카 등)는 우간다와 인도에서 범죄 활동을 주도했으며, 인도 내 여러 지역에서 체포되었다.

FBI는 50명 이상을 조사했으며, 2,000만 달러 이상의 사기 증거를 확보했다.

체포된 4명은 인도 형법 및 정보기술법 위반 혐의로 기소되었다.

",https://theprint.in/india/delhi-police-busts-international-cyber-crime-syndicate-in-operation-with-fbi-interpol/1631464/,,,,,
263,2023,(가칭)Operation Hive Collapse,1,"랜섬웨어, 데이터 암호화 및 갈취, 사이버범죄, 불법 금융거래, 시스템 침입, 조직적 범죄","FBI, 미국 법무부(DOJ), 유로폴(Europol), 독일 경찰, 네덜란드 경찰, 영국 국가범죄수사국(NCA), 미국 비밀경찰(US Secret Service), 캐나다, 프랑스, 루마니아, 리투아니아, 스웨덴, 노르웨이, 포르투갈, 스페인, 아일랜드 등","미국, 독일, 네덜란드, 영국, 캐나다, 프랑스, 루마니아, 리투아니아, 스웨덴, 노르웨이, 포르투갈, 스페인, 아일랜드 등","미국 FBI와 유로폴, 독일 및 네덜란드 등 13개국 법집행기관이 협력해 2022년 7월부터 2023년 1월까지 Hive 랜섬웨어 그룹의 서버와 인프라를 침투·해체하고, 피해자에게 복호화 키를 제공하여 1억 달러 이상의 랜섬웨어 피해를 방지하는 등 대규모 사이버범죄 네트워크를 무력화했다.",https://www.europol.europa.eu/media-press/newsroom/news/cybercriminals-stung-hive-infrastructure-shut-down,,,,,
264,2023,(가칭)Operation RansomCollective,1,"랜섬웨어, 갈취, 신분도용, 데이터 절도, 불법 금융거래, 사이버범죄, 악성코드유포, 피싱, 협박, 시스템 침입, 조직적 범죄","FBI, 유로폴(Europol), 스페인 경찰, 미국 법무부(DOJ), 각국 경찰 및 수사기관","미국, 스페인, 우크라이나, 독일, 이탈리아, 아르헨티나, 칠레, 일본 등","2023년 12월, FBI와 유로폴 등 국제 법집행기관이 BlackCat/ALPHV, LockerGoga, MegaCortex, Hive, Dharma 등 주요 랜섬웨어 인프라를 무력화하고, 스페인에서 Kelvin Security 해킹조직 주동자 체포 등 다양한 사이버범죄 대응 성과를 거두었으며, 신분도용 및 갈취 등 새로운 사이버 위협이 지속되고 있다.",https://www.sentinelone.com/blog/december-2023-cybercrime-update-extortion-trends-identity-focused-attacks-counter-operations/,,,,,
307,2023,(가칭)Operation Genesis,1,"온라인 범죄 시장 운영, 도용 신원 거래, 불법 계정 접근권 판매, 사기, 랜섬웨어 공격, 조직적 사이버범죄","캐나다 왕립기마경찰(NC3), FBI, 28개 캐나다 법집행기관, 각국 법집행기관(18개국)","캐나다, 미국, 영국, 프랑스, 독일, 네덜란드, 스웨덴, 오스트레일리아, 뉴질랜드, 스위스, 폴란드, 체코, 덴마크, 노르웨이, 핀란드, 포르투갈, 루마니아, 에스토니아 등","FBI와 캐나다 왕립기마경찰(NC3)이 주도하고 18개국 법집행기관이 협력한 작전에서 Genesis Market이라는 대규모 온라인 범죄 시장의 인프라와 웹사이트를 해체하고, 150만 개 이상의 봇과 200만 개 이상의 신원 정보를 압수하며, 전 세계적으로 수많은 체포와 경찰 조치를 통해 조직적 사이버범죄에 중대한 타격을 입혔다.",https://rcmp.ca/en/gazette/rcmp-specialized-unit-combats-cybercrime-through-teamwork,,,,,
327,2023,(가칭)Operation ScamCamp,1,"컴퓨터사기, 인신매매, 연애 사기(로맨스 스캠), 피싱, 불법 체류, 강제 노동, 조직범죄","각국 경찰(특히 아시아 및 아프리카), 인터폴, 비정부기구(NGO), 인터넷 서비스 제공자(ISP)","필리핀, 캄보디아, 라오스, 미얀마, 싱가포르, 타이, 베트남, 케냐, 우간다, 나이지리아 등","아시아와 아프리카의 여러 국가에서 조직적 범죄 네트워크가 인신매매 피해자를 동원해 연애 사기, 피싱, 사이버사기 등 다양한 범죄를 저지르고 있으며, 각국 경찰과 인터폴, NGO 등이 협력해 관련 범죄 단속과 피해자 구제에 나서고 있다.",https://www.nytimes.com/2024/09/10/business/scammers-trafficking-cybercrime.html,,,,,
368,2023,(가칭)Operation XHelper,1,"자금세탁, 컴퓨터사기, 신분도용, 불법 금융거래, 조직범죄, 악성앱(XHelper) 유포, 마구 계좌 운영, 피싱","CloudSEK(보안 연구기관), 각국 법집행기관(Europol 포함), 인도 은행, 인도 경찰, 글로벌 사이버보안 기업","인도, 중국, 전 세계(피해자 및 용의자 국적 다양)","CloudSEK과 Europol 등은 2023년 10월 말부터 인도 UPI 시스템을 악용해 XHelper 앱으로 수십만 마구 계좌를 조직적으로 관리하며 불법 자금을 세탁한 국제 범죄 네트워크를 적발했고, 글로벌 단속 과정에서 마구 계좌 소유자와 모집자 등 수천 명을 체포해 범죄 해체에 나섰다.",https://thehackernews.com/2024/03/how-cybercriminals-are-exploiting.html,,,,,
408,2023,(가칭)Operation EuroPak Fraud,1,"온라인 사기, 신분 도용, 불법 자금 이체, 신용카드 사기, 데이터 침해","네덜란드 법무부(DOJ), 네덜란드 경찰, 파키스탄 경찰, 현지 금융기관","네덜란드, 파키스탄","네덜란드 법무부와 경찰이 파키스탄 경찰과 협력해 온라인 사기, 신분 도용, 신용카드 사기 등 다양한 사이버범죄를 저지른 용의자를 체포하고, 현지 금융기관의 지원을 받아 범죄 네트워크를 해체하였다.",https://therecord.media/pakistan-cybercrime-busted-dutch-doj,,,,,
411,2023,(가칭)Operation SA-ID Theft,1,"해킹, 신분 도용, 온라인 사기, 불법 자금 이체, 신용카드 사기, 데이터 침해","INTERPOL, 남아프리카공화국 경찰, 남아프리카공화국 금융 정보 분석 센터(Financial Intelligence Centre, FIC), 현지 은행, 현지 사이버범죄 수사팀INTERPOL, 남아프리카공화국 경찰, 남아프리카공화국 금융 정보 분석 센터(Financial Intelligence Centre, FIC), 현지 은행, 현지 사이버범죄 수사팀",남아프리카공화국남아프리카공화국,"INTERPOL과 남아프리카공화국 경찰이 협력해 신분 도용 및 온라인 사기, 불법 자금 이체 등 다양한 사이버범죄를 저지른 조직을 단속하여, 현지 은행과 금융정보센터의 지원을 받아 범죄 네트워크를 해체하고 용의자를 체포하였다.",https://techpoint.africa/news/interpol-busts-cybercrime-in-south-africa/,,,,,
377,2024,Operation Africa Cyber Surge II,1,"사이버범죄(랜섬웨어, 뱅킹 트로이목마, 스파이웨어, 데이터 유출, DDoS공격), 피싱, 비즈니스 이메일 사기(BEC), 신용카드 사기, 테러 자금 조달, 자금세탁, 조직범죄","Interpol(인터폴), 각국 법집행기관(경찰, 수사기관), Africa Joint Cybercrime Operations Desk(AFJOC), Group-IB, Trend Micro, Kaspersky, Coinbase, World Economic Forum’s Cybercrime Atlas 파트너, 인터넷 서비스 제공업체(ISP)","나이지리아, 남아프리카공화국, 케냐, 가나, 모잠비크, 카메룬, 알제리, 앙골라, 베냉, 코트디부아르, 콩고민주공화국, 가봉, 모리셔스, 르완다, 세네갈, 탄자니아, 튀니지, 잠비아, 짐바브웨 등 아프리카 25개국","Interpol이 주도한 ‘Operation Africa Cyber Surge II’ 작전을 통해 아프리카 25개국에서 랜섬웨어, 피싱, 비즈니스 이메일 사기 등 다양한 사이버범죄와 연계된 20,674개의 의심 네트워크를 식별하고, 14명의 용의자를 체포하며, 테러 자금 조달 및 자금세탁 등 조직범죄 대응에 나섰다.",https://www.vanguardngr.com/2024/04/interpol-identifies-20-674-suspicious-networks-linked-to-terrorists-money-laundering-others-in-25-african-countries/,,,,,
293,2024,Operation Bali Becik 2024,1,"사이버 사기(인터넷 사기), 비자 남용, 불법 금융거래, 신분도용, 계정 정보 유출","인도네시아 발리 이민국, 발리 베칙 태스크포스, BAIS TNI(인도네시아 군사전략정보국 데봐 타스크포스), 인도네시아 법무인권부(Kemenkumham), 인도네시아 이민국 총국, 각국 관련 당국(말레이시아 등과 협력)","인도네시아, 말레이시아","인도네시아 발리 이민국과 발리 베칙 태스크포스가 주도한 ‘Operation Bali Becik 2024’ 작전에서 발리 타바난 지역의 빌라를 급습해 103명의 대만 국적자(실제 대만 정부는 14명으로 확인)를 체포하고, 인터넷 사기 및 비자 남용 혐의로 추방 절차를 진행하며 대규모 해외 표적 사이버 사기 네트워크를 무력화했다.",https://www.aljazeera.com/news/2024/6/28/indonesia-says-will-deport-103-taiwanese-suspected-of-cybercrimes-in-bali,,,,,
343,2024,Operation Cronos,1,"랜섬웨어, 데이터 유출, 컴퓨터 무단 침입, 금전 갈취, 조직범죄","영국 국가범죄청(NCA), 미국 연방수사국(FBI), 프랑스 경찰, 독일 경찰, 일본 경찰, 호주 경찰, 뉴질랜드 경찰, 캐나다 경찰, 유로폴 등","영국, 미국, 프랑스, 독일, 일본, 호주, 뉴질랜드, 캐나다, 폴란드, 우크라이나 등 11개국","영국 국가범죄청(NCA)과 미국 연방수사국(FBI)이 주도한 ‘Operation Cronos’ 작전에서 11개국 법집행기관이 협력해 세계 최대 랜섬웨어 조직 LockBit의 웹사이트와 인프라를 장악하고, 11,000개 이상의 도메인을 압수하며, 200개 이상의 암호화폐 계좌를 동결해 조직의 범죄 활동에 중대한 타격을 입혔다.",https://www.theguardian.com/technology/2024/feb/20/uk-and-fbi-lock-cybercrime-group-out-of-lockbit-website,,,,,
347,2024,Operation Cyber Slaves,1,"사이버범죄, 피싱, 신분도용, 강제 노동(사이버 노예), 조직범죄, 인간 밀매","India Today(미디어), 인도 내무부, 인도 사이버범죄조정센터(I4C), 각 지역 경찰, 국제 협력기관","인도, 캄보디아, 미얀마, 라오스","India Today(미디어)의 ‘Operation Cyber Slaves’ 조사는 캄보디아, 미얀마, 라오스의 ‘골든 트라이앵글’ 지역에서 인도인 등이 납치 및 강제 노동을 당하며 사이버범죄에 동원되는 현실을 폭로했으며, 인도 및 국제 기관이 피해자 구조와 범죄 네트워크 해체에 나서고 있다.",https://www.indiatoday.in/programme/newstrack-with-rahul-kanwal/video/operation-cyber-slaves-india-today-exposes-ruthless-cybercrime-syndicates-top-focus-on-rahul-kanwals-show-2642515-2024-11-29,,,,,
312,2024,Operation Destabilise,1,"자금세탁, 불법 금융거래, 마약 밀매, 랜섬웨어 공격, 불법 암호화폐 거래, 러시아 엘리트 및 첩보 활동 자금 지원","영국 국가범죄수사국(NCA), 미국 재무부(US Treasury), 미국 연방수사국(FBI), 영국 런던경찰청(Metropolitan Police), 프랑스 중앙경찰사법국(Direction Centrale de la Police Judiciaire) 등 국제법집행기관","영국, 미국, 프랑스, 러시아, 중동, 남미 등","영국 국가범죄수사국(NCA)이 주도한 ‘Operation Destabilise’ 작전에서 러시아 엘리트, 사이버범죄 조직, 마약 밀매업자, 첩보 활동까지 지원한 대규모 자금세탁 네트워크(Smart, TGR 그룹)를 적발해 80명 이상을 체포하고, 불법 암호화폐 거래와 자금세탁 경로를 차단하며, 국제 범죄 네트워크에 중대한 타격을 입혔다.",https://therecord.media/russian-money-laundering-networks-trafficking-cybercrime-kremlin,,,,,
448,2024,Operation Endgame2,1,"악성코드유포, 봇넷운영, 랜섬웨어 공격, 불법 데이터 침해, 사기","캐나다 왕립기마경찰(RCMP), National Cybercrime Coordination Centre(CNC3), Europol, 미국 및 유럽 각국 법집행기관, Spamhaus 등 민간 파트너","캐나다, 미국, 독일, 프랑스, 네덜란드, 덴마크, 체코, 영국","Operation Endgame 국제 공조 작전을 통해 캐나다 서리 지역 주민이 포함된 범죄 네트워크가 체포되고, 수천 대의 감염된 컴퓨터와 주요 악성코드(IcedID, SystemBC, Pikabot, Smokeloader, Bumblebee 등) 유포 인프라가 해체되었다.",https://vancouver.citynews.ca/2025/04/09/surrey-resident-arrested-in-operation-endgame-international-cybercrime-crackdown/,,,,,
342,2024,Operation HAECHI V,1,"보이스피싱, 연애 사기(로맨스 스캠), 온라인 섹스토션(성적 협박), 투자 사기, 불법 온라인 도박, 비즈니스 이메일 침해(BEC), 이커머스 사기, 암호화폐 사기","INTERPOL, 각국 법집행기관(40개국 이상), 한국 경찰, 중국(베이징) 경찰 등","나이지리아, 한국, 중국, 미국, 영국, 프랑스, 독일 등 40개국","INTERPOL이 주도한 ‘Operation HAECHI V’ 작전에서 40개국 법집행기관이 협력해 보이스피싱, 연애 사기, 투자 사기 등 7가지 유형의 사이버사기 네트워크를 적발해 5,500명 이상을 체포하고, 4억 달러 이상의 자산을 압수하며, 대규모 금융범죄 조직을 해체했다.",https://www.helpnetsecurity.com/2024/12/02/haechi-v-interpol-global-operation-targeting-cyber-fraud/,,,,,
337,2024,Operation Jackal III,1,"컴퓨터사기(금융사기, 비즈니스 이메일 침해, 투자 사기, 실업 보험 사기), 인신매매, 마약 밀수, 폭력범죄, 자금세탁","INTERPOL, 각국 법집행기관(40개국 이상), 미국 법무부, FBI 등","나이지리아, 미국, 영국, 프랑스, 독일, 이탈리아, 스페인, 네덜란드, 남아프리카공화국, 아일랜드 등 40개국 이상","INTERPOL이 주도한 ‘Operation Jackal III’ 작전에서 40개국 이상의 법집행기관이 협력해 서아프리카(특히 나이지리아)의 ‘Black Axe’ 등 범죄조직을 적발해 300명을 체포하고, 300만 달러 상당의 자산을 압수하며, 720개 은행 계좌를 차단해 금융사기, 인신매매, 마약 밀수 등 다양한 범죄 네트워크에 중대한 타격을 입혔다.",https://cyberscoop.com/300-arrests-made-in-crackdown-of-west-african-cyber-fraud-group/,,,,,
379,2024,Operation Nebulae,1,"피싱, 신분정보 도용, 불법 금융거래, 조직범죄, 마약 관련 범죄(일부 용의자)","Australian Federal Police(AFP), Victoria Police, Queensland Police, NSW Police, South Australia Police, Western Australia Police, Europol, 각국 법집행기관","호주, 영국, 캐나다, 아일랜드, 전 세계(피해자 및 용의자 국적 다양)","Europol과 호주 연방경찰(AFP) 등이 ‘Operation Nebulae’ 작전을 통해 전 세계적으로 4만 개 이상의 피싱 도메인을 관리하며 9만 4천 명 이상의 호주인 신분정보를 탈취한 LabHost 피싱 플랫폼을 해체하고, 호주 전역에서 5명을 체포하며 국제 사이버범죄 네트워크에 중대한 타격을 입혔다.",https://itwire.com/business-it-news/security/five-australians-held-in-operation-to-take-down-cyber-crime-ring.html,,,,,
488,2024,Operation Red Card,1,"사이버범죄(모바일 뱅킹 사기, 투자 사기, 온라인 카지노 사기, SIM 박스 사기, SMS 피싱, 악성코드 기반 휴대폰 해킹, 신분 사칭, 불법 자금 세탁, 인신매매 등)","Interpol, 각국 경찰 및 사이버범죄수사기관, Group-IB, Trend Micro, Kaspersky","베냉, 코트디부아르, 나이지리아, 르완다, 남아프리카공화국, 토고, 잠비아","Interpol이 아프리카 7개국 법집행기관과 협력해 2024년 11월부터 2025년 2월까지 Operation Red Card 작전을 펼쳐 5,000명 이상의 피해자를 낸 국경 간 사이버범죄 네트워크를 해체하고, 300명 이상의 용의자를 체포하며, 2,000개 이상의 전자기기와 26대의 차량, 16채의 주택, 39개의 토지 등 다수의 증거 및 자산을 압수하고, 일부 용의자는 인신매매 피해자임도 확인했다.",https://www.techradar.com/pro/security/interpol-operation-arrests-300-suspects-linked-to-african-cybercrime-rings,,,,,
373,2024,Operation Serengeti,1,"사이버범죄(온라인 신용카드 사기, 은행 시스템 조작, 불법 금융거래, 랜섬웨어, 피싱, 조직범죄, 자금세탁)","INTERPOL(인터폴), AFRIPOL(아프리카경찰기구), Kaspersky(카스퍼스키), 각국 법집행기관, 인터넷 서비스 제공업체(ISP), 민간 보안기업","케냐, 아랍에미리트, 나이지리아, 중국, 아프리카 19개국(세네갈, 카메룬, 앙골라 등 포함)","INTERPOL과 AFRIPOL이 주도한 ‘Operation Serengeti’ 작전을 통해 케냐를 포함한 아프리카 19개국에서 은행 시스템을 조작해 1,006명의 용의자를 체포하고, 13만 4,089개의 악성 인프라를 해체하며, 케냐에서만 24명을 검거하고 1,100억 케냐실링(약 860만 달러) 상당의 피해를 입힌 대규모 온라인 신용카드 사기 네트워크를 해체했다",https://tech-ish.com/2024/11/27/kenya-cybercrime-interpol-banking-fraud/,,,,,
336,2024,Operation Synergia II,1,"피싱, 정보탈취 악성코드(인포스틸러), 랜섬웨어","INTERPOL, 각국 법집행기관(95개국), 민간 파트너","호주, 오스트리아, 벨기에, 브라질, 캐나다 등 95개국","INTERPOL이 주도한 ‘Operation Synergia II’ 작전에서 95개국 법집행기관이 협력해 피싱, 정보탈취 악성코드, 랜섬웨어 등 다양한 사이버범죄를 적발해 22,000개 이상의 악성 IP 주소와 59대의 서버를 해체하고, 41명을 체포하며, 수십만 명의 잠재적 피해자를 보호했다.",https://www.techradar.com/pro/interpol-says-it-disrupted-thousands-of-cybercrime-instances-in-major-operation,,,,,
290,2024,Operation Trust No One,1,"사이버 사기, 신분도용, 불법 금융거래, 데이터 절도, 피싱, 인신매매, 계정 정보 유출, 불법 서버 운영, 조직적 사이버범죄","World Economic Forum, Cybercrime Atlas, Cyber Threat Alliance(CTA), INTERPOL, 각국 법집행기관(영국, 태국, 필리핀 등), 민간 사이버보안 기업(Fortinet, Microsoft, PayPal 등), 비영리단체, 학계","영국, 태국, 필리핀, 서아프리카, 라틴아메리카, 유럽, 북미 등","World Economic Forum, INTERPOL, 민간 사이버보안 기업 등 산업계와 공공기관이 협력해 2024년 한 해 동안 다양한 국제 공조 작전을 통해 대규모 사이버범죄 네트워크를 무력화하고, 피싱, 인신매매, 불법 금융거래 등 다양한 범죄에 효과적으로 대응하며, 공공-민간 협력의 중요성이 부각되었다.",https://www.weforum.org/stories/2024/11/industry-experts-public-sector-are-disrupting-cybercriminals/,,,,,
306,2024,(가칭)Operation AI Sentinel,1,"사이버범죄, 악성코드 개발, 피싱, 사회적 조작(소셜 엔지니어링), 허위정보(디스인포메이션), 선거 개입, 가짜 계정 생성, 불법 데이터 수집","OpenAI, Meta(협조), 각국 사이버보안 기관(특정 기관 명시되지 않음)","미국, 이스라엘, 중국, 이란, 인도, 르완다, 유럽연합 등","OpenAI가 2024년 한 해 동안 전 세계 20개 이상의 악성 네트워크와 캠페인을 차단하여, 악성코드 개발, 피싱, 허위정보 유포, 선거 개입 등 다양한 사이버범죄와 사회적 조작 시도를 무력화하고, AI 기술의 오남용을 방지했다.",https://thehackernews.com/2024/10/openai-blocks-20-global-malicious.html,,,,,
320,2024,(가칭)Operation Ivanov Cutoff,1,"자금세탁, 해킹 및 랜섬웨어 등 사이버범죄 자금 유통, 불법 금융거래, 신분도용, 카드 정보 유출(카딩), 불법 암호화폐 거래","미국 재무부(OFAC, FinCEN), 미국 법무부(DOJ), 미국 국무부, 미국 비밀경찰(US Secret Service), 네덜란드 경찰, 네덜란드 재정정보조사서비스(FIOD)","미국, 네덜란드","미국과 네덜란드 법집행기관이 공동으로 러시아 암호화폐 거래소(PM2BTC, Cryptex, UAPS 등)와 관련 인물(Sergey Sergeevich Ivanov 등)을 제재하고 인프라를 차단함으로써, 해킹·랜섬웨어 등 사이버범죄 자금 세탁 및 불법 금융거래 네트워크에 중대한 타격을 입혔다.",https://therecord.media/cryptocurrency-exchanges-seizures-ivanov-sanctions-us-netherlands,,,,,
324,2024,(가칭)Operation Rydox,1,"신분도용, 불법 금융거래, 자금세탁, 불법 소프트웨어 및 데이터 유통, 불법 접근장치 판매, 해킹 도구 판매","미국 연방수사국(FBI) 피츠버그 사무소, 알바니아 특별반부패기구(SPAK), 알바니아 국가수사국(BKH), 코소보 특별검찰청, 코소보 경찰, 말레이시아 왕립경찰","미국, 알바니아, 코소보, 말레이시아","미국, 알바니아, 코소보, 말레이시아 법집행기관이 공동으로 불법 신원정보 및 해킹 도구를 거래하는 Rydox 사이버범죄 마켓플레이스를 해체하고, 주요 관리자 3명을 체포하며, 7,600건 이상의 불법 거래와 32만 건 이상의 범죄 도구 유통에 중대한 타격을 입혔다.",https://cyberscoop.com/rydox-cybercriminal-marketplace-seized-doj-albania-kosovo/,,,,,
339,2024,(가칭)Operation Warzone RAT,1,"불법 원격접속 트로이목마(RAT) 판매 및 유통, 불법 전자감청장치 판매, 컴퓨터 무단 침입 음모, 보호된 컴퓨터 권한 없이 손상, 사이버범죄 조직 가담","몰타 경찰, 몰타 검찰청, 미국 법무부(DOJ), 미국 연방수사국(FBI), 호주 연방경찰(AFP), 기타 국제 협력기관","몰타, 미국, 호주","몰타, 미국, 호주 법집행기관이 협력해 Warzone RAT 등 불법 원격접속 트로이목마를 판매·유통한 사이버범죄자 Daniel Meli를 체포하고, 범죄 네트워크 인프라를 해체하며, 전 세계적으로 컴퓨터 무단 침입 및 정보유출 범죄에 중대한 타격을 입혔다.",https://www.theguardian.com/australia-news/2024/feb/13/daniel-meli-arrest-malta-cybercrime-australia-trojan-software,,,,,
341,2024,(가칭)Operation 911 S5,1,"신분도용, 아동 성착취, 금융사기, 불법 금융거래, 팬데믹 구제금융 사기, 컴퓨터 사기 및 사기 음모, 자금세탁 음모","미국 법무부(DOJ), 미국 연방수사국(FBI), 싱가포르 경찰, 태국 경찰, 기타 국제 법집행기관","미국, 싱가포르, 태국 등","미국, 싱가포르, 태국 등 국제 공조 하에 911 S5 봇넷 관리자 윤허 왕을 체포하고, 19백만 대 이상의 감염된 컴퓨터를 통해 신분도용, 아동 성착취, 금융사기 등 다양한 범죄에 활용된 세계 최대 규모의 봇넷 네트워크를 해체했다.",https://www.business-standard.com/world-news/man-suspected-of-operating-world-s-largest-ever-cybercrime-botnet-held-124053000064_1.html,,,,,
353,2024,(가칭)Operation PopeyeTools,1,"신용카드 정보 절도, 신분도용, 불법 금융거래, 불법 접근장치 판매, 금융사기, 조직범죄, 랜섬웨어 등 사이버범죄","미국 법무부, 미국 연방수사국(FBI), 영국 경찰, 말레이시아 경찰, 국제 협력기관","미국, 영국, 말레이시아, 아프가니스탄, 파키스탄(용의자 국적 포함)","미국 법무부와 FBI가 영국, 말레이시아 등 국제 협력기관과 함께 PopeyeTools이라는 대형 사이버범죄 마켓플레이스를 적발해 도메인과 암호화폐를 압수하고, 파키스탄과 아프가니스탄 출신 운영자 3명을 기소하며, 신용카드 정보 절도 및 불법 금융거래 등 전 세계적으로 피해를 끼친 범죄 네트워크를 해체했다.",https://thecyberexpress.com/justice-department-shuts-popeyetools-website/,,,,,
354,2024,(가칭)Operation Lusaka Scam,1,"컴퓨터 관련 허위표시, 신분도용, 불법 네트워크 운영, 인터넷 사기, 온라인 사기, 자금세탁, 조직범죄","잠비아 마약단속위원회(DEC), 잠비아 경찰, 이민국, 반테러리즘 부서","잠비아, 중국, 카메룬, 싱가포르, 페루, 아랍에미리트, 아프리카 다수국(피해자 및 용의자 국적 포함)","잠비아 마약단속위원회(DEC)와 경찰 등이 루사카의 Golden Top Support Services를 급습해 77명(중국인 22명 포함)을 체포하고, 1만 3천 장 이상의 SIM 카드와 무기, 장비를 압수하며, 전 세계 피해자를 노린 대규모 인터넷 사기 및 자금세탁 조직을 해체했다.",https://therecord.media/zambia-guilty-pleas-chinese-nationals-scam-call-center,,,,,
359,2024,(가칭)Operation Belgium Phish,1,"피싱, 신분도용(경찰/은행 직원 사칭), 비싱(vishing), 온라인·오프라인 금융사기, 불법 금융거래, 조직범죄","벨기에 경찰, 네덜란드 경찰, 유로폴, 유로저스트","벨기에, 네덜란드, 유럽 10개국 이상(피해자 국적 포함)","벨기에와 네덜란드 경찰이 유로폴, 유로저스트와 협력해 2022년부터 활동한 국제 피싱 조직을 적발하여 2024년 12월 17곳을 압수수색하고 8명을 체포하며, 현금·명품·전자기기 등을 압수하고, 유럽 10개국 이상의 피해자로부터 수백만 유로를 갈취한 대규모 금융사기 네트워크를 해체했다168.",https://thehackernews.com/2024/12/phone-phishing-gang-busted-eight.html,,,,,
369,2024,(가칭)Operation Telangana Scam,1,"컴퓨터사기, 비즈니스 사기, 아르바이트 사기, KYC 사기, 결혼 사기, 불법 금융거래, 암호화폐 자금 이체, 조직범죄","Telangana Cyber Security Bureau(TGCSB), 각 지역 경찰(하이데라바드, 사이버바드, 라차콘다, 카니마가르, 자크티알 등)","인도, 두바이","Telangana Cyber Security Bureau가 하이데라바드 등 텔랑가나 전역에서 비즈니스 사기, 아르바이트 사기, KYC 사기, 결혼 사기 등 다양한 사이버 범죄에 연루된 21명을 체포하고, 13명은 은행계좌에서 8억 2천만 루피를 인출해 상위 에이전트에 인도했으며, 나머지 8명은 암호화폐로 자금을 국제 조력자에게 송금한 혐의를 받으며, 대량의 증거물을 압수하고 범죄 네트워크 해체에 나섰다.",https://the420.in/telangana-cyber-security-bureau-cracks-down-on-cybercrime-arrests-21-cybercrime-criminals-in-major-operation/,,,,,
371,2024,(가칭)Operation Naija CyberFront,1,"사이버범죄(신분도용, 온라인사기, 금융사기, 조직범죄 등)","Interpol(인터폴), Nigeria Police Force National Cybercrime Centre(NPF-NCCC), Office of the National Security Adviser(ONSA), National Identity Management Commission(NIMC), ECOWAS(서아프리카경제공동체), British National Crime Agency, UNODC(유엔마약범죄사무소), 각국 법집행기관, 민간기업, 시민사회단체","나이지리아, 영국, 프랑스, 아프리카 각국, 전 세계(Interpol 회원국 196개국 및 파트너 13개기관 포함)","Interpol과 Nigeria Police Force National Cybercrime Centre 등은 아프리카 내 사이버범죄 대응을 위해 국가 및 국제 기관, 민간과 협력해 정보 공유, 역량 강화, 공동 작전을 펼치며, 나이지리아가 아프리카 사이버범죄 퇴치의 선도국으로 자리매김하고 있음을 밝혔다.",https://www.arise.tv/interpol-nigeria-setting-pace-in-fight-against-cybercrime-in-africa/#google_vignette,,,,,
376,2024,(가칭)Operation Grandparent Scam,1,"컴퓨터사기(할머니 사기, “grandparent scam”), 신분도용, 불법 금융거래, 조직범죄, 사기, 자금세탁","Santiago 검찰청(Santiago Prosecutor’s Office), 미국 연방수사국(HSI), 미국 법무부(DOJ), 뉴욕시경찰(NYPD), FBI, 사회보장국 감사관실(SSA-OIG)","도미니카공화국, 미국","Santiago 검찰청과 미국 연방수사국(HSI), FBI 등이 협력해 도미니카공화국 내 콜센터를 통해 미국 노년층을 표적으로 한 할머니 사기(“grandparent scam”) 등 대규모 사이버사기 조직을 적발해 21명을 기소하고, 수백만 달러의 피해를 입힌 범죄 네트워크를 해체하는 데 나섰다.",https://dominicantoday.com/dr/local/2024/09/25/santiago-prosecutors-office-charges-21-in-major-cybercrime-operation-targeting-elderly-americans/,,,,,
380,2024,(가칭)Operation Kandy Sweep,1,"온라인 금융사기, 신분도용, 불법 금융거래, 조직범죄, 여권 및 비자 위조, 관광비자 남용","스리랑카 경찰, Criminal Investigations Department(CID), 이민국, 각 지역 경찰서, 중국 대사","스리랑카, 중국, 인도, 태국, 베트남, 필리핀(피해자 및 용의자 국적 포함), 전 세계(피해자 국적 다양)","스리랑카 경찰이 2024년 10월부터 칸디(Kandy) 등 주요 도시에서 관광비자를 남용한 중국인 등 외국인을 중심으로 온라인 금융사기, 신분도용, 불법 금융거래 등 조직적 범죄 네트워크를 적발해 수백 명을 체포하고, 중국 대사관과 협력해 주요 용의자 및 증거물을 송환·이관하며 국제 사이버범죄의 첨병으로 떠오르는 현상을 효과적으로 대응하고 있다.",https://lankasara.com/news/the-growing-menace-of-chinese-cyber-criminals-in-sri-lanka-behind-the-kandy-arrest/,,,,,
383,2024,(가칭)Operation Nemesis Market,1,"마약류 밀매, 불법 데이터 거래, 랜섬웨어, 피싱, DDoS공격, 신분도용, 조직범죄","독일 연방범죄청(BKA), 프랑크푸르트 사이버범죄특별수사팀(ZIT), 미국 연방수사국(FBI), 미국 마약단속국(DEA), 미국 국세청 범죄수사국(IRS-CI), 리투아니아 법집행기관","독일, 리투아니아, 미국","독일, 리투아니아, 미국 법집행기관이 2022년 10월부터 2024년 3월까지 공동으로 Nemesis 마켓을 조사해 2024년 3월 20일 서버를 압수하고, 마약, 불법 데이터, 랜섬웨어 등 다양한 사이버범죄 서비스가 거래된 대형 다크넷 마켓플레이스를 해체하며 약 10만 달러 상당의 암호화폐를 압수했다.",https://therecord.media/nemesis-cybercrime-market-takedown-germany,,,,,
384,2024,(가칭)Operation Quezon FakeGov,1,"컴퓨터사기, 신분도용(미 정부 기관 사칭), 불법 금융거래, 조직범죄","필리핀 이민국(Fugitive Search Unit), 미국 법무부(US Department of Justice), 미국 국방부 범죄수사국(US Defense Criminal Investigative Service)","필리핀, 미국, 나이지리아(용의자 국적 포함)","필리핀 이민국이 미국 정부 요청에 따라 2024년 10월 11일 케손시티에서 미국 내 은퇴 군인을 대상으로 코로나19 대응 가짜 정부 웹사이트를 이용해 긴급 휴가 신청 수수료 명목으로 자금을 갈취한 혐의로 미국에서 수배 중이던 나이지리아인 사이버사기 용의자를 체포해, 현재 송환 절차를 진행 중이다.",https://dailypost.ng/2024/10/29/nigerian-national-wanted-in-us-cybercrime-case-arrested-in-philippines/,,,,,
477,2024,(가칭)Operation Jackpot Crew,1,"은행 절도, 음모, ATM 해킹(ATM 논리적 공격, ATM 잭포팅), 조직범죄(트렌 데 아라구아 조직 연계)","FBI Cyber Task Force, Western District of New York, 각주 및 지역 경찰(뉴욕, 매사추세츠, 일리노이 등), 미국 법무부","미국, 베네수엘라","FBI와 미국 각지 경찰이 2024년 10월 5일부터 11월 11일까지 베네수엘라 국적의 트렌 데 아라구아 조직 소속 2명을 체포하며, 뉴욕·매사추세츠·일리노이 등 4개 주 신용협동조합과 은행 ATM을 대상으로 악성코드(ATM 잭포팅)를 이용해 297,000달러 이상을 절도한 대규모 범죄 네트워크를 적발하고, 압수된 현금, 암호화폐, 변조된 ATM 부품 등 다수의 증거를 확보했다.",https://gbhackers.com/two-cybercriminals-arrested/,,,,,
537,2024,(가칭)Operation Naija-Japan Scam,1,"사이버범죄(사기, 사기성 연애 사기)","Nigeria Police Force, National Cybercrime Centre, National Central Bureau (Nigeria), NCB Tokyo, National Police Agency of Japan","나이지리아, 일본","나이지리아와 일본 경찰이 공동으로 나이지리아에서 일본인을 노린 사이버범죄 용의자 11명을 체포하고, 사기로 획득한 33,320달러를 회수했다",https://www.thecable.ng/npf-eleven-cybercrime-suspects-arrested-33320-recovered-in-joint-operation-with-japanese-police/,,,,,
509,2025,biggest anti-cybercrime operation,1,"사이버범죄(사기, 신분 사칭, 나이지리아 헌법질서 위협 시도, 사이버테러, 신원 도용 등)","Economic and Financial Crimes Commission (EFCC), Federal High Court Lagos","나이지리아, 필리핀, 카자흐스탄, 튀니지, 중국","EFCC가 라고스에서 글로벌 사이버범죄 및 암호화폐 사기 조직(‘HK’)을 적발해 18명의 외국인(필리핀 등)을 유죄 판결하고, 1년 징역 및 벌금형을 선고하며, 피해자에게 미국·캐나다·멕시코·유럽 등지에서 사기성 투자 및 로맨스 사기를 자행한 혐의로 모바일폰·노트북·라우터 등 범죄도구를 몰수했다",https://punchng.com/12-filipinos-jailed-for-cybercrime-in-nigeria/,,,,,
458,2025,crackdown,1,"사이버 범죄(사기, 신분 도용, 암호화폐 사기 등), 인신매매(노동 착취, 강제 노동), 위조 여권 및 서류, 강제 구금","Telangana Cyber Security Bureau(TGCSB), Telangana Police, 인도 중앙정부(외무부), 각 지역 경찰서(Armoor, Jagtial, Sircilla, Rein Bazar in Hyderabad, Manakondur in Karimnagar)","인도, 미얀마, 태국, 라오스(피해자 구조 및 수사 협력, 미얀마에 위치한 범죄 조직 대상)","Telangana Cyber Security Bureau와 Telangana Police가 인도 중앙정부 및 지역 경찰서와 협력하여 미얀마, 태국, 라오스를 오가는 인신매매 및 사이버 범죄 조직을 적발하고, 피해자 구조와 가담자 체포, 추가 수사 및 사건 접수를 지속적으로 진행하고 있다",https://timesofindia.indiatimes.com/city/hyderabad/agents-luring-people-to-myanmar-cybercrime-den-under-cops-radar/articleshow/118991601.cms,,,,,
532,2025,cybercrime sting,1,"사이버범죄(불법 SMS 블래스터, IMSI 캐처 판매 및 사용, 사기, 데이터 프라이버시법 위반 등)","Philippine National Police – Anti-cybercrime Group, Cybercrime Investigation and Coordinating Center (CICC), Bureau of Immigration, National Telecommunications Commission","필리핀, 말레이시아","필리핀과 말레이시아 당국이 공동으로 불법 SMS 블래스터 및 IMSI 캐처 장비를 판매한 말레이시아 국적 용의자를 체포하고, 해당 장비와 증거물을 압수했다.",https://www.brigadanews.ph/malaysian-supplier-of-text-scam-device-arrested-in-cybercrime-sting/,,,,,
483,2025,Eagle Flush Operation,1,"사이버범죄(경제사보타주, 금융테러, 신분 도용, 투자 사기, 피싱, 사이버테러 등)","Economic and Financial Crimes Commission (EFCC), Federal High Court of Nigeria, Nigerian Immigration Service","나이지리아, 중국","EFCC가 2024년 12월 10일 라고스에서 최대 규모의 단일 사이버범죄 단속(Eagle Flush Operation)을 펼쳐 700명 이상(중국인 포함)을 체포하고, 2025년 6월 5일 소속 중국인 9명에게 경영사보타주 및 금융테러 혐의로 1년 징역 및 각 100만 나이라 벌금을 선고하며, 피의자들의 컴퓨터·노트북 등 증거를 압수하고, 형기 종료 후 중국으로 강제 송환을 명령했다",https://the420.in/inside-nigerias-biggest-cybercrime-crackdown-nine-chinese-nationals-jailed-in-global-scam-ring/,,,,,
517,2025,FBI seizure operation,1,"사이버범죄(사회공학, 악성코드유포, 암호화폐 절도, 데이터 절도, 사기 등)","FBI, Trend Micro","미국, 러시아, 북한","FBI와 Trend Micro가 공동으로 러시아의 Khasan 및 Khabarovsk 지역 IP 범위와 VPS, 프록시 서버를 활용해 북한의 Void Dokkaebi(별칭 Famous Chollima) 사이버범죄 조직이 운영한 가상 회사 BlockNovas의 도메인을 압수하고, IT 전문가를 대상으로 한 사회공학 및 암호화폐 절도, 악성코드 유포 등 범죄 네트워크를 차단했다.",https://cybersecuritynews.com/russian-vps-servers-with-rdp-proxy-servers/,,,,,
457,2025,global operation,1,"사이버 범죄(악성코드유포, 랜섬웨어, 사기, 데이터 절도, 공공기관 및 기업 대상 공격 등)","Bundeskriminalamt(BKA, 독일 연방범죄수사청), 미국 법무부(DOJ), 영국, 캐나다, 덴마크, 네덜란드, 프랑스, 독일 경찰 및 수사기관","영국, 캐나다, 덴마크, 네덜란드, 프랑스, 독일, 미국","유럽과 북미의 수사기관이 공조하여 러시아계 범죄자들이 주도하는 Qakbot, Danabot, Trickbot 등 악성코드 조직의 핵심을 무력화하고, 국제 체포영장 및 미국 내 기소장을 발부하며, 글로벌 사이버 범죄 네트워크에 중대한 타격을 가했다",https://www.taipeitimes.com/News/world/archives/2025/05/25/2003837488,,,,,
475,2025,HeartSender Group,1,"사이버범죄(국제적 디지털 사기, 피싱킷·사기 페이지 템플릿·이메일 추출기 판매, 불법 금융거래, 불법 소프트웨어 유통, 조직범죄 등)","National Cyber Crime Investigation Agency (NCCIA), Federal Bureau of Investigation (FBI), 네덜란드 경찰","파키스탄, 미국, 네덜란드","파키스탄 NCCIA가 FBI와 네덜란드 경찰과 협력해 2025년 5월 15~16일 라호르와 멀탄에서 국제적 사기와 사이버범죄 도구 유통을 주도한 ‘HeartSender Group’을 적발, 21명을 체포하며, 32대의 디지털 기기(서버 포함), 럭셔리 차량(람보르기니 우루스), 두바이 부동산 등 자산을 압수하고, 11,000명 이상의 피해자와 미국 내 5,000만 달러, 유럽 63건 이상의 피해를 확인했으며, 피의자들은 피싱킷·사기 페이지·이메일 추출기 등 불법 도구를 제작·판매하고, 사용법을 가르치는 동영상까지 제작해 전 세계 범죄자들에게 교육을 제공한 사실이 드러났다.",https://www.dawn.com/news/1911691,,,,,
540,2025,Operation Chakra-IV,1,"국제 사이버 사기(기술지원 사칭, 원격 접근을 통한 컴퓨터 및 은행 계좌 불법 접근, 자금 유도, 암호화폐 활용 범죄 수익 처리), 사기(IPC 420), 위조(IPC 467, 468, 471), 정보통신망법 위반(IT Act 66D)","Central Bureau of Investigation(CBI), 독일 법집행기관","인도, 독일","인도 CBI가 독일 법집행기관과 협력하여 ‘Operation Chakra-IV’ 작전을 통해 2021년부터 독일 국민을 대상으로 기술지원 사칭, 원격 접근 및 은행 계좌 불법 조작, 암호화폐 지갑으로 64만 유로 이상 유도 등 국제 사이버 범죄 네트워크를 무너뜨리고, 주요 용의자 체포 및 불법 콜센터, 증거물 압수 등 대규모 수사를 수행함",https://www.freepressjournal.in/india/cbi-dismantles-global-cybercrime-network-targeting-germans-since-2021-in-operation-chakra-iv,,,,,
420,2025,Operation Chakra-V,1,"컴퓨터사기, 기술지원 사기, 투자사기, 신분도용, 불법 전화센터 운영","인도 중앙수사국(CBI), 일본 국립경찰청(National Police Agency), Microsoft","인도, 일본","CBI와 일본 국립경찰청이 협력하여 인도 내 불법 전화센터를 운영하며 일본 국민을 대상으로 기술지원 사기를 저지른 6명의 사이버범죄 조직원을 체포하고, 대규모 사기 네트워크를 무력화하였다.",https://www.thehindu.com/news/national/operation-chakra-v-cbi-arrests-six-members-of-cybercrime-syndicate-targeting-japanese-citizens/article69632312.ece,,,,,
397,2025,Operation Dolos,1,"온라인 사기, 피싱, 신분 도용, 불법 자금 이체, 데이터 침해, 랜섬웨어, 조직적 범죄","호주 연방경찰(AFP), Joint Policing Cybercrime Coordination Centre(JPC3), 국가 사이버보안기관, 글로벌 산업 파트너","호주, 필리핀, 동유럽 국가(범죄자 소재지, 구체적 국가명 불명)","호주 연방경찰(AFP)과 JPC3가 주도한 Operation Dolos 작전에서 국내외 파트너와 협력해 온라인 사기, 피싱, 신분 도용 등 다양한 사이버범죄를 저지른 조직을 단속하여, 약 8,300만 호주 달러의 피해를 방지하고, 필리핀 등지의 주요 범죄 센터를 해체하며, 수만 명의 피해자 신원정보를 보호하는 성과를 거두었다.",https://opengovasia.com/2025/01/07/australian-federal-police-advanced-tech-for-cyber-resilience/,,,,,
515,2025,Operation Hawk,1,"사이버범죄(온라인 아동성착취, 아동성착취물 유통, 성적 협박(섹스토션), 미성년자 위협 등)","Central Bureau of Investigation (CBI), FBI, Interpol, local cybersecurity units","인도, 미국","CBI가 주도한 Operation Hawk는 FBI와 인터폴 등과 협력해 국제 디지털 흔적을 남긴 온라인 아동성착취 네트워크를 해체하고, 뭄바이·델리 등지에서 용의자 2명을 체포하며 다수의 디지털 증거를 압수했다.",https://www.insightsonindia.com/2025/05/01/operation-hawk/,,,,,
453,2025,Operation Moonlander,1,"컴퓨터 해킹, 봇넷운영, 불법 프록시 서비스 유통, 보호된 컴퓨터에 대한 손상, 도메인 거짓 등록, 공모","미국 법무부, FBI, 네덜란드 국가경찰, 네덜란드 검찰청(Openbaar Ministerie), 태국 왕립경찰, Lumen Technologies’ Black Lotus Labs","미국, 네덜란드, 태국, 러시아, 카자흐스탄(운영자 국적 포함)","미국과 네덜란드, 태국 등 국제 공조로 20년간 운영된 Anyproxy 및 5Socks 봇넷을 해체하고, 봇넷 운영자 4명(러시아인 3명, 카자흐스탄인 1명)을 기소하여, 저가형 무선 공유기 감염을 통한 불법 프록시 서비스와 4,600만 달러 이상의 범죄 수익을 차단했다.",https://securityaffairs.com/177664/malware/operation-moonlander-dismantled-the-botnet-behind-anyproxy-and-5socks-cybercriminals-services.html,,,,,
403,2025,Operation Phobos Aetor,1,"랜섬웨어(Phobos 및 8Base), 데이터 암호화, 이중 갈취(데이터 유출 협박), 불법 자금 이체, 컴퓨터 시스템 무단 접근, 조직적 범죄","Europol, FBI, 영국 국가범죄청(NCA), 바이에른 경찰, 미국 법무부(DOJ), 스위스 법집행기관, 태국 경찰, 기타 14개국 법집행기관","미국, 영국, 독일, 스위스, 태국, 벨기에, 프랑스, 이탈리아, 네덜란드, 기타 유럽·아시아·미주 국가","Europol이 주도하고 14개국 이상 법집행기관이 협력한 국제 단속 작전에서 8Base 및 Phobos 랜섬웨어 그룹의 핵심 인물 4명을 체포하고, 27대 이상의 서버를 해제하며, 400개 이상의 기업에 공격 경고를 발송하여 글로벌 랜섬웨어 네트워크를 해체하였다.",https://www.europol.europa.eu/media-press/newsroom/news/key-figures-behind-phobos-and-8base-ransomware-arrested-in-international-cybercrime-crackdown,,,,,
510,2025,Operation Platforma,1,"사이버범죄(온라인 투자 사기, 금융사기, 가짜 투자 플랫폼 운영 등)","Directorate for the Investigation of Cybercrimes (Albania), Directorate of the Special Operational Force (Albania), SPAK (Albanian Special Prosecution Office), Eurojust, Europol","독일, 알바니아, 키프로스, 이스라엘","독일, 알바니아, 키프로스, 이스라엘 당국이 Eurojust와 유로폴의 지원으로 Operation Platforma 작전을 통해 가짜 온라인 투자 플랫폼을 운영한 범죄 조직을 해체하고, 100명 이상의 피해자에게 300만 유로 이상의 손실을 입힌 혐의로 적발하며, 티라나에서 수천 유로와 다수의 범죄용 장비(모바일폰, 노트북 등)를 압수했다.",https://a2news.com/english/shqiperia/kronike/rreth-3-milione-euro-dem-me-mashtrime-finalizohet-operacioni-n-i1147943,,,,,
461,2025,Operation Secure,1,"사이버 범죄(정보탈취 악성코드유포, 피싱, 온라인 사기 등)","INTERPOL, Group-IB, Kaspersky, Trend Micro 등","베트남, 스리랑카, 나우루, 홍콩 등 26개국","Operation Secure 작전을 통해 2만여 개 악성 IP 및 도메인 폐쇄, 41개 서버 압수, 100GB 이상 데이터 수집, 32명 체포, 40명 피해자 확인, 117개 C2 서버 적발 등 아시아 전역에서 대규모 사이버 인프라 차단에 성공했다.",https://www.helpnetsecurity.com/2025/06/11/operation-secure-cybercrime-infostealer-crackdown/,,,,,
538,2025,Operation Talent,1,"해킹, 불법 소프트웨어 유통, 자격 증명 및 개인정보 도용, 해킹 도구 및 악성코드 판매, 사이버 범죄(피싱, 신분 도용 등)","FBI, Europol, 호주 연방경찰(AFP), 독일 연방범죄수사청(BKA), 프랑스, 그리스, 이탈리아, 스페인, 루마니아 법집행기관, 미국 법무부(DOJ), 미국 재무부 OFAC","미국, 호주, 독일, 프랑스, 그리스, 이탈리아, 스페인, 루마니아(한글로: 미국, 호주, 독일, 프랑스, 그리스, 이탈리아, 스페인, 루마니아)","FBI와 Europol, 호주 등 국제 경찰기관이 ‘Operation Talent’ 작전을 통해 Cracked.io, Nulled.to, MySellIX.io, StarkRDP.io 등 주요 사이버 범죄 포럼 및 서비스 도메인을 압수·차단하고, 해킹 도구, 불법 소프트웨어, 자격 증명 및 개인정보 유통 등 대규모 사이버 범죄 네트워크를 무력화",https://cybernews.com/cybercrime/hacker-forums-cracked-nulled-mysellix-starkrdp-siezed-fbi-operation-talent/,,,,,
526,2025,Qakbot disruption,1,"사이버범죄(해킹, 랜섬웨어, 컴퓨터 사기, 와이어 사기, 디지털 자산 절도 등)","US Department of Justice, FBI, French National Police, German Federal Police, Netherlands National Police, Danish Police, UK National Crime Agency, Canadian Police","미국, 프랑스, 독일, 네덜란드, 덴마크, 영국, 캐나다","미국 DOJ와 FBI를 비롯한 7개국 법집행기관이 공동으로 러시아 국적의 Rustam Rafailevich Gallyamov(48세)를 Qakbot 랜섬웨어를 이용한 글로벌 사이버범죄 조직의 리더로 기소하며, 수천 대의 컴퓨터를 감염시키고 수백만 달러를 갈취한 범죄 사실을 밝혔다",https://nypost.com/2025/05/24/us-news/doj-indicts-russian-national-who-led-global-cybercrime-syndicate/,,,,,
536,2025,STF operation,1,"사이버범죄(사기, 불법 게임 및 거래 앱, 디지털 구속, 암호화폐 세탁)","Uttar Pradesh Special Task Force (STF), National Cybercrime Reporting Portal (NCRP)","인도, 중국","인도 우타르프라데시 STF가 중국인과 연계된 국제 사이버범죄 조직을 해체하고, 디지털 구속 및 암호화폐 세탁 등 첨단 사기 수법으로 피해자를 속여 자금을 갈취한 용의자 2명을 체포했다",https://www.republicworld.com/defence/global-defence-news/up-stf-busts-chinese-linked-cyber-syndicate-digital-arrests-crypto-laundering-fraud-exposed,,,,,
428,2025,(가칭)Operation Asia ScamHub,1,"조직적 컴퓨터사기, 신분도용, 불법 금융정보 거래, 사기, 불법 취업 알선, 불법데이터유출","아나카팔리 경찰, 안드라프라데시 경찰, 현지 산업단지 경비","인도, 미국, 영국, 오스트레일리아(피해 대상)","안드라프라데시 아나카팔리 경찰이 미얀마·캄보디아식 조직적 사이버사기 콜센터를 단속해 100명 이상을 체포하고, 미국·영국·호주 등 외국인을 대상으로 한 대규모 사이버사기 네트워크를 적발했다.",https://timesofindia.indiatimes.com/india/myanmar-style-cybercrime-operation-busted-near-andhra-sez-100-detained/articleshow/121324448.cms,,,,,
389,2025,(가칭)Operation Karen Weblords,1,"온라인 사기, 피그부처링(“돼지 도살”) 로맨스 사기, 암호화폐 투자 사기, 자금세탁, 인신매매, 강제 노동, 불법 자금 이체, 신분 도용, 데이터 침해","미국 재무부, 미국 법무부, 국제법집행기관, 미얀마 카렌 민병대(범죄조직)","미국, 미얀마, 태국","미국 재무부가 미얀마 카렌 지역의 군벌 가문(소 치트 투, 소 투 에 무, 소 치트 치)을 제재하며, 이들이 운영하는 일련의 비공식 콜센터를 통해 로맨스 사기, 암호화폐 투자 사기, 자금세탁, 인신매매 등 다양한 사이버범죄를 저지른 사실을 밝히고, 최근 3년간 미국 내 피해액만 20억~35억 달러에 달한다고 보고하였다.",https://www.scworld.com/news/massive-cybercrime-operation-traced-back-to-myanmar-warlord,,,,,
394,2025,(가칭)Operation Qakbot,1,"악성코드(Qakbot) 유포, 랜섬웨어 공격, 사기, 불법 자금 이체, 신분 도용, 데이터 침해, 스팸 폭탄 공격","미국 법무부(DOJ), FBI, 유럽법집행기관","미국, 러시아(범죄자 소재지), 유럽연합(EU)","미국 법무부가 러시아 거주 남성(Qakbot 악성코드 개발자)을 기소하며, 해당 악성코드로 미국 및 전 세계 수십만 대의 컴퓨터를 감염시키고, 의료기관·정부기관을 대상으로 랜섬웨어 공격을 자행해 수억 달러의 피해를 입혔으며, 2,400만 달러 이상의 암호화폐를 환수해 피해자에게 돌려주고 있다.",https://www.aa.com.tr/en/americas/us-charges-russian-man-allegedly-behind-global-cybercrime-network/3577168,,,,,
396,2025,(가칭)Operation Mekong ScamGrid,1,"대규모 온라인 사기, 인신매매(강제 범죄 참여), 자금세탁, 데이터 브로커링, 불법 마켓플레이스 운영, 불법 자금 이체, 신분 도용","유엔마약범죄사무소(UNODC), 각국 법집행기관, 현지 경찰, 국제인권단체","캄보디아, 라오스, 미얀마, 필리핀, 말레이시아, 태국(및 피해자 원산지 다수 국가)","유엔마약범죄사무소(UNODC)와 각국 법집행기관이 동남아시아의 대규모 사이버범죄 네트워크를 조사하여, 수만 명의 인신매매 피해자와 연계된 산업적 규모의 온라인 사기 및 자금세탁, 불법 마켓플레이스 운영이 글로벌 위협으로 확산되고 있음을 밝혔다.",https://www.occrp.org/en/news/un-transnational-cybercrime-in-southeast-asia-hits-record-high,,,,,
400,2025,(가칭)Operation Grey Nickel,1,"AI 기반 신분 사기, 딥페이크(Deepfake) 및 페이스 스왑, 신분 도용, 데이터 침해, 불법 자금 이체, 원격 인증 시스템 우회","iProov Security Operations Center(ISOC), 금융기관 보안팀, 각국 사이버보안기관","홍콩, 아시아 태평양 국가, 북미, 유럽(EMEA)","iProov이 주도한 조사에서 위협행위자 ‘Grey Nickel’이 AI 기반 딥페이크와 페이스 스왑 등 첨단 기술을 활용해 금융기관 원격 인증 시스템을 우회하는 대규모 신분 사기 및 사기 범죄를 저지른 사실을 밝혀내고, 이로 인해 홍콩에서 2,560만 달러 규모의 피해가 발생하는 등 글로벌 금융 시스템에 심각한 위협이 되고 있음을 확인하였다.",https://www.scworld.com/brief/iproov-uncovers-ai-driven-cybercrime-operation,,,,,
421,2025,(가칭)Operation HackMarkets,1,"해킹 도구 유포, 불법 소프트웨어 크랙, 도난 데이터 유포, 신분도용, 사이버범죄","FBI, Europol, Australian Federal Police, German Federal Criminal Police Office, 기타 국제 법집행기관","미국, 유럽연합(특히 독일, 프랑스, 이탈리아, 스페인, 그리스 등), 호주, 루마니아","FBI와 유럽, 호주 등 국제 법집행기관이 협력하여 Cracked, Nulled, StarkRDP, Sellix, MySellix 등 해킹·불법 소프트웨어 유통 웹사이트의 도메인을 압수하고, 해킹 도구 및 도난 데이터 유포 등 사이버범죄 생태계를 무력화하였다.",https://www.reuters.com/technology/cybersecurity/international-law-enforcement-operation-targets-group-cybercrime-websites-2025-01-29/,,,,,
422,2025,(가칭)Operation Lumma Cut,1,"정보유출 악성코드(Lumma Stealer) 유포, 피싱, 온라인 사기, 금융사기, 신분도용, 랜섬웨어","Microsoft, 미국 법무부(Department of Justice), FBI, Europol, 일본 사이버범죄 통제센터, Lumen, Cloudflare, Bitsight","미국, 유럽연합(특히 독일, 프랑스 등), 일본","Microsoft, 미국 법무부, FBI, Europol, 일본 사이버범죄 통제센터 등 국제 기관이 협력하여 Lumma Stealer 정보유출 악성코드 인프라(2,300개 이상 도메인)를 압수·차단하고, 글로벌 사이버범죄 생태계를 무력화하였다.",https://techxplore.com/news/2025-05-global-malware-federal-court-georgia.html,,,,,
464,2025,(가칭)Operation Phobos Lock,1,"사이버범죄(랜섬웨어 공격, 데이터 절도, 금전 갈취, 위조, 컴퓨터 무단 접근 및 손상, 신분 사칭 등)","미국 법무부(Department of Justice), FBI, 유럽 및 독일 법집행기관","미국, 독일, 유럽연합(영국, 호주 등은 제재에만 참여)","미국 법무부가 로만 베레즈노이(33세), 예고르 글레보프(39세) 등 러시아 국적자 2명을 체포 및 기소하며, 이들은 Phobos 랜섬웨어를 이용해 미국 내 수백 개 기관(아동병원, 의료기관, 교육기관 등)을 공격해 데이터를 암호화하고 금전을 갈취했으며, 다크웹 사이트를 통해 절도 데이터를 공개하며 피해자에게 추가 협박을 가했고, 미국·유럽 법집행기관이 100대 이상의 서버를 차단하는 등 범죄 네트워크를 해체했다",https://www.cbsnews.com/news/justice-department-charges-russian-men-cybercrime-ransomware/,,,,,
470,2025,(가칭)Operation FourSeas,1,"컴퓨터 관련 위조(Republic Act 10175), 경제 사보타주, 소셜 엔지니어링(Republic Act 12010), 조직범죄","National Bureau of Investigation (NBI) Special Task Force/Cybercrime Division, NBI Central Visayas Regional Office, Taiwan Police Attaché","필리핀, 대만","NBI와 대만 경찰이 2025년 5월 14~15일 세부시티 고급 주택가에서 17명의 대만 국적자(여성 1명 포함, 6명은 대만 내 수배자)를 체포하며, 컴퓨터 및 각종 장비를 이용한 대규모 로맨스 스캠 및 금융사기 조직(포시즈 갱)을 해체하고, 피해자에게 5억 달러 이상의 피해를 입혔으며, 체포된 용의자는 필리핀 내 POGO 허브와 연계된 혐의도 받고 있다",https://www.gmanetwork.com/regionaltv/news/108133/17-taiwanese-in-cebu-city-fall-in-nbi-cybercrime-operation/story/,,,,,
555,2025,(가칭)Operation Kanlaon Tower,1,"온라인 사기, 불법 온라인 도박(가상 사기 및 불법 게임 운영)","National Central Bureau (NCB) Interpol Indonesia, Philippine National Police(PNP), Philippine security authorities, Polri(인도네시아 국가경찰)","인도네시아, 필리핀","인도네시아와 필리핀 경찰이 협력하여 마닐라 메트로 지역 Pasay City의 Kanlaon Tower에서 운영되던 온라인 사기 및 불법 도박 조직을 적발하고, 29명의 인도네시아 국적 용의자를 필리핀에서 체포한 뒤 인도네시아로 송환 및 추가 조사를 진행함",https://usa.inquirer.net/172272/indonesia-extradites-29-cybercrime-suspects,,,,,
